data_base,cnpj_raiz,nome_instituicao,ente_destino,conta,saldo,arquivo,linha_arquivo,sha256_arquivo
202501,28127603,BCO BANESTES S.A.,Municipios,9090900001,493054124.58,202501BANCOS.CSV,20862,167bcf1231df1601314f6a3a669a5b548a872f383d067e52b47bdfb6a0322479
202501,00000000,BCO DO BRASIL S.A.,Estados e DF,9090800008,59146300158.6,202501BANCOS.CSV,586,167bcf1231df1601314f6a3a669a5b548a872f383d067e52b47bdfb6a0322479
202501,00000000,BCO DO BRASIL S.A.,Municipios,9090900001,22324547165.39,202501BANCOS.CSV,587,167bcf1231df1601314f6a3a669a5b548a872f383d067e52b47bdfb6a0322479
202501,13009717,BCO DO EST. DE SE S.A.,Estados e DF,9090800008,228709721.53,202501BANCOS.CSV,16134,167bcf1231df1601314f6a3a669a5b548a872f383d067e52b47bdfb6a0322479
202501,13009717,BCO DO EST. DE SE S.A.,Municipios,9090900001,13336671.51,202501BANCOS.CSV,16135,167bcf1231df1601314f6a3a669a5b548a872f383d067e52b47bdfb6a0322479
202501,92702067,BCO DO ESTADO DO RS S.A.,Estados e DF,9090800008,10378683442.94,202501BANCOS.CSV,49217,167bcf1231df1601314f6a3a669a5b548a872f383d067e52b47bdfb6a0322479
202501,92702067,BCO DO ESTADO DO RS S.A.,Municipios,9090900001,116378408.91,202501BANCOS.CSV,49218,167bcf1231df1601314f6a3a669a5b548a872f383d067e52b47bdfb6a0322479
202501,00000208,BRB - BCO DE BRASILIA S.A.,Estados e DF,9090800008,3324124305.48,202501BANCOS.CSV,1051,167bcf1231df1601314f6a3a669a5b548a872f383d067e52b47bdfb6a0322479
202501,00000208,BRB - BCO DE BRASILIA S.A.,Municipios,9090900001,1389522065.65,202501BANCOS.CSV,1052,167bcf1231df1601314f6a3a669a5b548a872f383d067e52b47bdfb6a0322479
202501,00360305,CAIXA ECONOMICA FEDERAL,Uniao,9090700005,352415424080.11,202501BANCOS.CSV,1632,167bcf1231df1601314f6a3a669a5b548a872f383d067e52b47bdfb6a0322479
202501,00360305,CAIXA ECONOMICA FEDERAL,Estados e DF,9090800008,5228625404.57,202501BANCOS.CSV,1633,167bcf1231df1601314f6a3a669a5b548a872f383d067e52b47bdfb6a0322479
202501,00360305,CAIXA ECONOMICA FEDERAL,Municipios,9090900001,945529165.53,202501BANCOS.CSV,1634,167bcf1231df1601314f6a3a669a5b548a872f383d067e52b47bdfb6a0322479
202502,28127603,BCO BANESTES S.A.,Municipios,9090900001,477569416.65,202502BANCOS.CSV,21051,0bb9539164f50976d5f4396d1ed586b2cbe2d7b0a75d18a1f7a278444787340d
202502,00000000,BCO DO BRASIL S.A.,Estados e DF,9090800008,59441555381.91,202502BANCOS.CSV,587,0bb9539164f50976d5f4396d1ed586b2cbe2d7b0a75d18a1f7a278444787340d
202502,00000000,BCO DO BRASIL S.A.,Municipios,9090900001,22297391452.15,202502BANCOS.CSV,588,0bb9539164f50976d5f4396d1ed586b2cbe2d7b0a75d18a1f7a278444787340d
202502,13009717,BCO DO EST. DE SE S.A.,Estados e DF,9090800008,222921620.2,202502BANCOS.CSV,16283,0bb9539164f50976d5f4396d1ed586b2cbe2d7b0a75d18a1f7a278444787340d
202502,13009717,BCO DO EST. DE SE S.A.,Municipios,9090900001,13406813.68,202502BANCOS.CSV,16284,0bb9539164f50976d5f4396d1ed586b2cbe2d7b0a75d18a1f7a278444787340d
202502,92702067,BCO DO ESTADO DO RS S.A.,Estados e DF,9090800008,10378683442.94,202502BANCOS.CSV,49629,0bb9539164f50976d5f4396d1ed586b2cbe2d7b0a75d18a1f7a278444787340d
202502,92702067,BCO DO ESTADO DO RS S.A.,Municipios,9090900001,115816752.45,202502BANCOS.CSV,49630,0bb9539164f50976d5f4396d1ed586b2cbe2d7b0a75d18a1f7a278444787340d
202502,00000208,BRB - BCO DE BRASILIA S.A.,Estados e DF,9090800008,3585600929.23,202502BANCOS.CSV,1056,0bb9539164f50976d5f4396d1ed586b2cbe2d7b0a75d18a1f7a278444787340d
202502,00000208,BRB - BCO DE BRASILIA S.A.,Municipios,9090900001,1524557755.91,202502BANCOS.CSV,1057,0bb9539164f50976d5f4396d1ed586b2cbe2d7b0a75d18a1f7a278444787340d
202502,00360305,CAIXA ECONOMICA FEDERAL,Uniao,9090700005,355400202579.91,202502BANCOS.CSV,1635,0bb9539164f50976d5f4396d1ed586b2cbe2d7b0a75d18a1f7a278444787340d
202502,00360305,CAIXA ECONOMICA FEDERAL,Estados e DF,9090800008,5244789448.97,202502BANCOS.CSV,1636,0bb9539164f50976d5f4396d1ed586b2cbe2d7b0a75d18a1f7a278444787340d
202502,00360305,CAIXA ECONOMICA FEDERAL,Municipios,9090900001,952403541.34,202502BANCOS.CSV,1637,0bb9539164f50976d5f4396d1ed586b2cbe2d7b0a75d18a1f7a278444787340d
202503,28127603,BCO BANESTES S.A.,Municipios,9090900001,471988547.73,202503BANCOS.CSV,21302,489ce381f2313fdda5e849eb05bf362a18ae6cf7698e855a36396c76a3f3e444
202503,00000000,BCO DO BRASIL S.A.,Estados e DF,9090800008,59440246969.33,202503BANCOS.CSV,595,489ce381f2313fdda5e849eb05bf362a18ae6cf7698e855a36396c76a3f3e444
202503,00000000,BCO DO BRASIL S.A.,Municipios,9090900001,22134784244.17,202503BANCOS.CSV,596,489ce381f2313fdda5e849eb05bf362a18ae6cf7698e855a36396c76a3f3e444
202503,13009717,BCO DO EST. DE SE S.A.,Estados e DF,9090800008,221052062.42,202503BANCOS.CSV,16459,489ce381f2313fdda5e849eb05bf362a18ae6cf7698e855a36396c76a3f3e444
202503,13009717,BCO DO EST. DE SE S.A.,Municipios,9090900001,13457507.37,202503BANCOS.CSV,16460,489ce381f2313fdda5e849eb05bf362a18ae6cf7698e855a36396c76a3f3e444
202503,92702067,BCO DO ESTADO DO RS S.A.,Estados e DF,9090800008,10378683442.94,202503BANCOS.CSV,50086,489ce381f2313fdda5e849eb05bf362a18ae6cf7698e855a36396c76a3f3e444
202503,92702067,BCO DO ESTADO DO RS S.A.,Municipios,9090900001,118141499.71,202503BANCOS.CSV,50087,489ce381f2313fdda5e849eb05bf362a18ae6cf7698e855a36396c76a3f3e444
202503,00000208,BRB - BCO DE BRASILIA S.A.,Estados e DF,9090800008,3584654694.08,202503BANCOS.CSV,1072,489ce381f2313fdda5e849eb05bf362a18ae6cf7698e855a36396c76a3f3e444
202503,00000208,BRB - BCO DE BRASILIA S.A.,Municipios,9090900001,1524518444.51,202503BANCOS.CSV,1073,489ce381f2313fdda5e849eb05bf362a18ae6cf7698e855a36396c76a3f3e444
202503,00360305,CAIXA ECONOMICA FEDERAL,Uniao,9090700005,357529679850.32,202503BANCOS.CSV,1650,489ce381f2313fdda5e849eb05bf362a18ae6cf7698e855a36396c76a3f3e444
202503,00360305,CAIXA ECONOMICA FEDERAL,Estados e DF,9090800008,5264865981.9,202503BANCOS.CSV,1651,489ce381f2313fdda5e849eb05bf362a18ae6cf7698e855a36396c76a3f3e444
202503,00360305,CAIXA ECONOMICA FEDERAL,Municipios,9090900001,960134286.29,202503BANCOS.CSV,1652,489ce381f2313fdda5e849eb05bf362a18ae6cf7698e855a36396c76a3f3e444
202504,28127603,BCO BANESTES S.A.,Municipios,9090900001,474128697.71,202504BANCOS.CSV,21402,a90f3cee41713ec1aa6dde69e9cadb106226ca1aa940d839f73e8dc17fd4d1a1
202504,00000000,BCO DO BRASIL S.A.,Estados e DF,9090800008,59200953696.76,202504BANCOS.CSV,592,a90f3cee41713ec1aa6dde69e9cadb106226ca1aa940d839f73e8dc17fd4d1a1
202504,00000000,BCO DO BRASIL S.A.,Municipios,9090900001,22109893131.65,202504BANCOS.CSV,593,a90f3cee41713ec1aa6dde69e9cadb106226ca1aa940d839f73e8dc17fd4d1a1
202504,13009717,BCO DO EST. DE SE S.A.,Estados e DF,9090800008,219485338.18,202504BANCOS.CSV,16518,a90f3cee41713ec1aa6dde69e9cadb106226ca1aa940d839f73e8dc17fd4d1a1
202504,13009717,BCO DO EST. DE SE S.A.,Municipios,9090900001,13522677.4,202504BANCOS.CSV,16519,a90f3cee41713ec1aa6dde69e9cadb106226ca1aa940d839f73e8dc17fd4d1a1
202504,92702067,BCO DO ESTADO DO RS S.A.,Estados e DF,9090800008,10378683442.94,202504BANCOS.CSV,50508,a90f3cee41713ec1aa6dde69e9cadb106226ca1aa940d839f73e8dc17fd4d1a1
202504,92702067,BCO DO ESTADO DO RS S.A.,Municipios,9090900001,114791666.12,202504BANCOS.CSV,50509,a90f3cee41713ec1aa6dde69e9cadb106226ca1aa940d839f73e8dc17fd4d1a1
202504,00000208,BRB - BCO DE BRASILIA S.A.,Estados e DF,9090800008,4242459993.31,202504BANCOS.CSV,1068,a90f3cee41713ec1aa6dde69e9cadb106226ca1aa940d839f73e8dc17fd4d1a1
202504,00000208,BRB - BCO DE BRASILIA S.A.,Municipios,9090900001,1524363308.11,202504BANCOS.CSV,1069,a90f3cee41713ec1aa6dde69e9cadb106226ca1aa940d839f73e8dc17fd4d1a1
202504,00360305,CAIXA ECONOMICA FEDERAL,Uniao,9090700005,359316109316.97,202504BANCOS.CSV,1646,a90f3cee41713ec1aa6dde69e9cadb106226ca1aa940d839f73e8dc17fd4d1a1
202504,00360305,CAIXA ECONOMICA FEDERAL,Estados e DF,9090800008,5277237277.04,202504BANCOS.CSV,1647,a90f3cee41713ec1aa6dde69e9cadb106226ca1aa940d839f73e8dc17fd4d1a1
202504,00360305,CAIXA ECONOMICA FEDERAL,Municipios,9090900001,977803094.58,202504BANCOS.CSV,1648,a90f3cee41713ec1aa6dde69e9cadb106226ca1aa940d839f73e8dc17fd4d1a1
202505,28127603,BCO BANESTES S.A.,Municipios,9090900001,476418001.79,202505BANCOS.CSV,21457,ddff153357d66cad7f1fe2292b1c2bf3ce6e5330b12b37242b7ef3c5ecee9494
202505,00000000,BCO DO BRASIL S.A.,Estados e DF,9090800008,59704174496.86,202505BANCOS.CSV,595,ddff153357d66cad7f1fe2292b1c2bf3ce6e5330b12b37242b7ef3c5ecee9494
202505,00000000,BCO DO BRASIL S.A.,Municipios,9090900001,22214449864.44,202505BANCOS.CSV,596,ddff153357d66cad7f1fe2292b1c2bf3ce6e5330b12b37242b7ef3c5ecee9494
202505,13009717,BCO DO EST. DE SE S.A.,Estados e DF,9090800008,217417644.63,202505BANCOS.CSV,16577,ddff153357d66cad7f1fe2292b1c2bf3ce6e5330b12b37242b7ef3c5ecee9494
202505,13009717,BCO DO EST. DE SE S.A.,Municipios,9090900001,13509307.08,202505BANCOS.CSV,16578,ddff153357d66cad7f1fe2292b1c2bf3ce6e5330b12b37242b7ef3c5ecee9494
202505,92702067,BCO DO ESTADO DO RS S.A.,Estados e DF,9090800008,10378683442.94,202505BANCOS.CSV,50703,ddff153357d66cad7f1fe2292b1c2bf3ce6e5330b12b37242b7ef3c5ecee9494
202505,92702067,BCO DO ESTADO DO RS S.A.,Municipios,9090900001,114444812.34,202505BANCOS.CSV,50704,ddff153357d66cad7f1fe2292b1c2bf3ce6e5330b12b37242b7ef3c5ecee9494
202505,00000208,BRB - BCO DE BRASILIA S.A.,Estados e DF,9090800008,4223983725.91,202505BANCOS.CSV,1072,ddff153357d66cad7f1fe2292b1c2bf3ce6e5330b12b37242b7ef3c5ecee9494
202505,00000208,BRB - BCO DE BRASILIA S.A.,Municipios,9090900001,1525229659.13,202505BANCOS.CSV,1073,ddff153357d66cad7f1fe2292b1c2bf3ce6e5330b12b37242b7ef3c5ecee9494
202505,00360305,CAIXA ECONOMICA FEDERAL,Uniao,9090700005,362774118723.68,202505BANCOS.CSV,1660,ddff153357d66cad7f1fe2292b1c2bf3ce6e5330b12b37242b7ef3c5ecee9494
202505,00360305,CAIXA ECONOMICA FEDERAL,Estados e DF,9090800008,5299355794.61,202505BANCOS.CSV,1661,ddff153357d66cad7f1fe2292b1c2bf3ce6e5330b12b37242b7ef3c5ecee9494
202505,00360305,CAIXA ECONOMICA FEDERAL,Municipios,9090900001,989708629.54,202505BANCOS.CSV,1662,ddff153357d66cad7f1fe2292b1c2bf3ce6e5330b12b37242b7ef3c5ecee9494
202506,28127603,BCO BANESTES S.A.,Municipios,9090900001,478632940.14,202506BANCOS.CSV,21650,8e19913e741e6805e716b312f57ec772dc822b58f624b08f5423aa992e5c2614
202506,00000000,BCO DO BRASIL S.A.,Estados e DF,9090800008,60392497968.18,202506BANCOS.CSV,600,8e19913e741e6805e716b312f57ec772dc822b58f624b08f5423aa992e5c2614
202506,00000000,BCO DO BRASIL S.A.,Municipios,9090900001,22367588734.19,202506BANCOS.CSV,601,8e19913e741e6805e716b312f57ec772dc822b58f624b08f5423aa992e5c2614
202506,13009717,BCO DO EST. DE SE S.A.,Estados e DF,9090800008,215548030.41,202506BANCOS.CSV,16707,8e19913e741e6805e716b312f57ec772dc822b58f624b08f5423aa992e5c2614
202506,13009717,BCO DO EST. DE SE S.A.,Municipios,9090900001,13558538.98,202506BANCOS.CSV,16708,8e19913e741e6805e716b312f57ec772dc822b58f624b08f5423aa992e5c2614
202506,92702067,BCO DO ESTADO DO RS S.A.,Estados e DF,9090800008,10378683442.94,202506BANCOS.CSV,51097,8e19913e741e6805e716b312f57ec772dc822b58f624b08f5423aa992e5c2614
202506,92702067,BCO DO ESTADO DO RS S.A.,Municipios,9090900001,114116701.72,202506BANCOS.CSV,51098,8e19913e741e6805e716b312f57ec772dc822b58f624b08f5423aa992e5c2614
202506,00000208,BRB - BCO DE BRASILIA S.A.,Estados e DF,9090800008,4498816647.28,202506BANCOS.CSV,1079,8e19913e741e6805e716b312f57ec772dc822b58f624b08f5423aa992e5c2614
202506,00000208,BRB - BCO DE BRASILIA S.A.,Municipios,9090900001,1674684479.47,202506BANCOS.CSV,1080,8e19913e741e6805e716b312f57ec772dc822b58f624b08f5423aa992e5c2614
202506,00360305,CAIXA ECONOMICA FEDERAL,Uniao,9090700005,366398848668.05,202506BANCOS.CSV,1666,8e19913e741e6805e716b312f57ec772dc822b58f624b08f5423aa992e5c2614
202506,00360305,CAIXA ECONOMICA FEDERAL,Estados e DF,9090800008,5313685593.39,202506BANCOS.CSV,1667,8e19913e741e6805e716b312f57ec772dc822b58f624b08f5423aa992e5c2614
202506,00360305,CAIXA ECONOMICA FEDERAL,Municipios,9090900001,1043286424.82,202506BANCOS.CSV,1668,8e19913e741e6805e716b312f57ec772dc822b58f624b08f5423aa992e5c2614
202507,28127603,BCO BANESTES S.A.,Municipios,9090900001,479267286.98,202507BANCOS.CSV,20977,d6c4b063a940d729600d3d71fe4be502e63543fc798195102c2de8ec23350106
202507,00000000,BCO DO BRASIL S.A.,Estados e DF,9090800008,60567501608.04,202507BANCOS.CSV,598,d6c4b063a940d729600d3d71fe4be502e63543fc798195102c2de8ec23350106
202507,00000000,BCO DO BRASIL S.A.,Municipios,9090900001,21980870084.03,202507BANCOS.CSV,599,d6c4b063a940d729600d3d71fe4be502e63543fc798195102c2de8ec23350106
202507,13009717,BCO DO EST. DE SE S.A.,Estados e DF,9090800008,213452772.11,202507BANCOS.CSV,16210,d6c4b063a940d729600d3d71fe4be502e63543fc798195102c2de8ec23350106
202507,13009717,BCO DO EST. DE SE S.A.,Municipios,9090900001,13621421.63,202507BANCOS.CSV,16211,d6c4b063a940d729600d3d71fe4be502e63543fc798195102c2de8ec23350106
202507,92702067,BCO DO ESTADO DO RS S.A.,Estados e DF,9090800008,10378683442.94,202507BANCOS.CSV,49246,d6c4b063a940d729600d3d71fe4be502e63543fc798195102c2de8ec23350106
202507,92702067,BCO DO ESTADO DO RS S.A.,Municipios,9090900001,112915327.25,202507BANCOS.CSV,49247,d6c4b063a940d729600d3d71fe4be502e63543fc798195102c2de8ec23350106
202507,00000208,BRB - BCO DE BRASILIA S.A.,Estados e DF,9090800008,4662879690.7,202507BANCOS.CSV,1067,d6c4b063a940d729600d3d71fe4be502e63543fc798195102c2de8ec23350106
202507,00000208,BRB - BCO DE BRASILIA S.A.,Municipios,9090900001,1699055858.32,202507BANCOS.CSV,1068,d6c4b063a940d729600d3d71fe4be502e63543fc798195102c2de8ec23350106
202507,00360305,CAIXA ECONOMICA FEDERAL,Uniao,9090700005,368923024023.63,202507BANCOS.CSV,1653,d6c4b063a940d729600d3d71fe4be502e63543fc798195102c2de8ec23350106
202507,00360305,CAIXA ECONOMICA FEDERAL,Estados e DF,9090800008,5302372559.11,202507BANCOS.CSV,1654,d6c4b063a940d729600d3d71fe4be502e63543fc798195102c2de8ec23350106
202507,00360305,CAIXA ECONOMICA FEDERAL,Municipios,9090900001,1085211863.61,202507BANCOS.CSV,1655,d6c4b063a940d729600d3d71fe4be502e63543fc798195102c2de8ec23350106
202508,28127603,BCO BANESTES S.A.,Municipios,9090900001,480506866.26,202508BANCOS.CSV,21058,974e094eeafee6cfbc64a00280dfbe95f43c66c0f9ef9e2dc02603f83382e658
202508,00000000,BCO DO BRASIL S.A.,Estados e DF,9090800008,60907261025.87,202508BANCOS.CSV,598,974e094eeafee6cfbc64a00280dfbe95f43c66c0f9ef9e2dc02603f83382e658
202508,00000000,BCO DO BRASIL S.A.,Municipios,9090900001,22072899383.57,202508BANCOS.CSV,599,974e094eeafee6cfbc64a00280dfbe95f43c66c0f9ef9e2dc02603f83382e658
202508,13009717,BCO DO EST. DE SE S.A.,Estados e DF,9090800008,211297866.14,202508BANCOS.CSV,16235,974e094eeafee6cfbc64a00280dfbe95f43c66c0f9ef9e2dc02603f83382e658
202508,13009717,BCO DO EST. DE SE S.A.,Municipios,9090900001,13685093.06,202508BANCOS.CSV,16236,974e094eeafee6cfbc64a00280dfbe95f43c66c0f9ef9e2dc02603f83382e658
202508,92702067,BCO DO ESTADO DO RS S.A.,Estados e DF,9090800008,10378683442.94,202508BANCOS.CSV,49157,974e094eeafee6cfbc64a00280dfbe95f43c66c0f9ef9e2dc02603f83382e658
202508,92702067,BCO DO ESTADO DO RS S.A.,Municipios,9090900001,112597206.69,202508BANCOS.CSV,49158,974e094eeafee6cfbc64a00280dfbe95f43c66c0f9ef9e2dc02603f83382e658
202508,00000208,BRB - BCO DE BRASILIA S.A.,Estados e DF,9090800008,4657152239.07,202508BANCOS.CSV,1069,974e094eeafee6cfbc64a00280dfbe95f43c66c0f9ef9e2dc02603f83382e658
202508,00000208,BRB - BCO DE BRASILIA S.A.,Municipios,9090900001,1699139222.92,202508BANCOS.CSV,1070,974e094eeafee6cfbc64a00280dfbe95f43c66c0f9ef9e2dc02603f83382e658
202508,00360305,CAIXA ECONOMICA FEDERAL,Uniao,9090700005,372189407606.63,202508BANCOS.CSV,1650,974e094eeafee6cfbc64a00280dfbe95f43c66c0f9ef9e2dc02603f83382e658
202508,00360305,CAIXA ECONOMICA FEDERAL,Estados e DF,9090800008,5330411700.28,202508BANCOS.CSV,1651,974e094eeafee6cfbc64a00280dfbe95f43c66c0f9ef9e2dc02603f83382e658
202508,00360305,CAIXA ECONOMICA FEDERAL,Municipios,9090900001,1091730292.06,202508BANCOS.CSV,1652,974e094eeafee6cfbc64a00280dfbe95f43c66c0f9ef9e2dc02603f83382e658
202509,28127603,BCO BANESTES S.A.,Municipios,9090900001,483059573.4,202509BANCOS.CSV,21258,ff36100529530c4ced654100cc0cca3806b4b07de8523e1bb7c9dd534f9d0203
202509,00000000,BCO DO BRASIL S.A.,Estados e DF,9090800008,60498441025.98,202509BANCOS.CSV,598,ff36100529530c4ced654100cc0cca3806b4b07de8523e1bb7c9dd534f9d0203
202509,00000000,BCO DO BRASIL S.A.,Municipios,9090900001,21960543438.9,202509BANCOS.CSV,599,ff36100529530c4ced654100cc0cca3806b4b07de8523e1bb7c9dd534f9d0203
202509,13009717,BCO DO EST. DE SE S.A.,Estados e DF,9090800008,209226445.13,202509BANCOS.CSV,16386,ff36100529530c4ced654100cc0cca3806b4b07de8523e1bb7c9dd534f9d0203
202509,13009717,BCO DO EST. DE SE S.A.,Municipios,9090900001,13596433.51,202509BANCOS.CSV,16387,ff36100529530c4ced654100cc0cca3806b4b07de8523e1bb7c9dd534f9d0203
202509,92702067,BCO DO ESTADO DO RS S.A.,Estados e DF,9090800008,10378683442.94,202509BANCOS.CSV,49349,ff36100529530c4ced654100cc0cca3806b4b07de8523e1bb7c9dd534f9d0203
202509,92702067,BCO DO ESTADO DO RS S.A.,Municipios,9090900001,113751626.77,202509BANCOS.CSV,49350,ff36100529530c4ced654100cc0cca3806b4b07de8523e1bb7c9dd534f9d0203
202509,00000208,BRB - BCO DE BRASILIA S.A.,Estados e DF,9090800008,5865791362.37,202509BANCOS.CSV,1074,ff36100529530c4ced654100cc0cca3806b4b07de8523e1bb7c9dd534f9d0203
202509,00000208,BRB - BCO DE BRASILIA S.A.,Municipios,9090900001,1786199948.11,202509BANCOS.CSV,1075,ff36100529530c4ced654100cc0cca3806b4b07de8523e1bb7c9dd534f9d0203
202509,00360305,CAIXA ECONOMICA FEDERAL,Uniao,9090700005,374704710353.24,202509BANCOS.CSV,1659,ff36100529530c4ced654100cc0cca3806b4b07de8523e1bb7c9dd534f9d0203
202509,00360305,CAIXA ECONOMICA FEDERAL,Estados e DF,9090800008,5362880739.68,202509BANCOS.CSV,1660,ff36100529530c4ced654100cc0cca3806b4b07de8523e1bb7c9dd534f9d0203
202509,00360305,CAIXA ECONOMICA FEDERAL,Municipios,9090900001,1093161947.28,202509BANCOS.CSV,1661,ff36100529530c4ced654100cc0cca3806b4b07de8523e1bb7c9dd534f9d0203
202510,28127603,BCO BANESTES S.A.,Municipios,9090900001,485006448.6,202510BANCOS.CSV,20952,8cc1b38a2d4ec9724b9ee47aa9a3375ce9cf4f23c088f5b9e0080a3d0a9f4fb5
202510,00000000,BCO DO BRASIL S.A.,Estados e DF,9090800008,60490025498.74,202510BANCOS.CSV,600,8cc1b38a2d4ec9724b9ee47aa9a3375ce9cf4f23c088f5b9e0080a3d0a9f4fb5
202510,00000000,BCO DO BRASIL S.A.,Municipios,9090900001,21929083856.02,202510BANCOS.CSV,601,8cc1b38a2d4ec9724b9ee47aa9a3375ce9cf4f23c088f5b9e0080a3d0a9f4fb5
202510,13009717,BCO DO EST. DE SE S.A.,Estados e DF,9090800008,207092446.34,202510BANCOS.CSV,16050,8cc1b38a2d4ec9724b9ee47aa9a3375ce9cf4f23c088f5b9e0080a3d0a9f4fb5
202510,13009717,BCO DO EST. DE SE S.A.,Municipios,9090900001,13658976.54,202510BANCOS.CSV,16051,8cc1b38a2d4ec9724b9ee47aa9a3375ce9cf4f23c088f5b9e0080a3d0a9f4fb5
202510,92702067,BCO DO ESTADO DO RS S.A.,Estados e DF,9090800008,10378683442.94,202510BANCOS.CSV,49247,8cc1b38a2d4ec9724b9ee47aa9a3375ce9cf4f23c088f5b9e0080a3d0a9f4fb5
202510,92702067,BCO DO ESTADO DO RS S.A.,Municipios,9090900001,114625314.13,202510BANCOS.CSV,49248,8cc1b38a2d4ec9724b9ee47aa9a3375ce9cf4f23c088f5b9e0080a3d0a9f4fb5
202510,00360305,CAIXA ECONOMICA FEDERAL,Uniao,9090700005,378159489973.96,202510BANCOS.CSV,1200,8cc1b38a2d4ec9724b9ee47aa9a3375ce9cf4f23c088f5b9e0080a3d0a9f4fb5
202510,00360305,CAIXA ECONOMICA FEDERAL,Estados e DF,9090800008,5394131474.91,202510BANCOS.CSV,1201,8cc1b38a2d4ec9724b9ee47aa9a3375ce9cf4f23c088f5b9e0080a3d0a9f4fb5
202510,00360305,CAIXA ECONOMICA FEDERAL,Municipios,9090900001,1093163723.75,202510BANCOS.CSV,1202,8cc1b38a2d4ec9724b9ee47aa9a3375ce9cf4f23c088f5b9e0080a3d0a9f4fb5
202511,28127603,BCO BANESTES S.A.,Municipios,9090900001,485305858.09,202511BANCOS.CSV,21490,7d9b416436fcd7b02ad8ec8961c31a5276930d62033cc1d607d14d247e319709
202511,00000000,BCO DO BRASIL S.A.,Estados e DF,9090800008,60826750184.84,202511BANCOS.CSV,598,7d9b416436fcd7b02ad8ec8961c31a5276930d62033cc1d607d14d247e319709
202511,00000000,BCO DO BRASIL S.A.,Municipios,9090900001,22014558271.27,202511BANCOS.CSV,599,7d9b416436fcd7b02ad8ec8961c31a5276930d62033cc1d607d14d247e319709
202511,13009717,BCO DO EST. DE SE S.A.,Estados e DF,9090800008,203949903.75,202511BANCOS.CSV,16563,7d9b416436fcd7b02ad8ec8961c31a5276930d62033cc1d607d14d247e319709
202511,13009717,BCO DO EST. DE SE S.A.,Municipios,9090900001,13721887.85,202511BANCOS.CSV,16564,7d9b416436fcd7b02ad8ec8961c31a5276930d62033cc1d607d14d247e319709
202511,92702067,BCO DO ESTADO DO RS S.A.,Estados e DF,9090800008,10378683442.94,202511BANCOS.CSV,49816,7d9b416436fcd7b02ad8ec8961c31a5276930d62033cc1d607d14d247e319709
202511,92702067,BCO DO ESTADO DO RS S.A.,Municipios,9090900001,113653778.76,202511BANCOS.CSV,49817,7d9b416436fcd7b02ad8ec8961c31a5276930d62033cc1d607d14d247e319709
202511,00000208,BRB - BCO DE BRASILIA S.A.,Estados e DF,9090800008,5823679136.79,202511BANCOS.CSV,1085,7d9b416436fcd7b02ad8ec8961c31a5276930d62033cc1d607d14d247e319709
202511,00000208,BRB - BCO DE BRASILIA S.A.,Municipios,9090900001,1786285111.23,202511BANCOS.CSV,1086,7d9b416436fcd7b02ad8ec8961c31a5276930d62033cc1d607d14d247e319709
202511,00360305,CAIXA ECONOMICA FEDERAL,Uniao,9090700005,380964688742.96,202511BANCOS.CSV,1670,7d9b416436fcd7b02ad8ec8961c31a5276930d62033cc1d607d14d247e319709
202511,00360305,CAIXA ECONOMICA FEDERAL,Estados e DF,9090800008,5406744629.7,202511BANCOS.CSV,1671,7d9b416436fcd7b02ad8ec8961c31a5276930d62033cc1d607d14d247e319709
202511,00360305,CAIXA ECONOMICA FEDERAL,Municipios,9090900001,1057584862.28,202511BANCOS.CSV,1672,7d9b416436fcd7b02ad8ec8961c31a5276930d62033cc1d607d14d247e319709
202512,28127603,BCO BANESTES S.A.,Municipios,9090900001,428087647.06,202512BANCOS.CSV,21019,d9a39a4dae6db567e09546bf32e94f2796ce6746353b8b2651934e2e2b2611af
202512,00000000,BCO DO BRASIL S.A.,Estados e DF,9090800008,60808518747.66,202512BANCOS.CSV,594,d9a39a4dae6db567e09546bf32e94f2796ce6746353b8b2651934e2e2b2611af
202512,00000000,BCO DO BRASIL S.A.,Municipios,9090900001,22099443580.67,202512BANCOS.CSV,595,d9a39a4dae6db567e09546bf32e94f2796ce6746353b8b2651934e2e2b2611af
202512,13009717,BCO DO EST. DE SE S.A.,Estados e DF,9090800008,203024667.88,202512BANCOS.CSV,16069,d9a39a4dae6db567e09546bf32e94f2796ce6746353b8b2651934e2e2b2611af
202512,13009717,BCO DO EST. DE SE S.A.,Municipios,9090900001,13784134.32,202512BANCOS.CSV,16070,d9a39a4dae6db567e09546bf32e94f2796ce6746353b8b2651934e2e2b2611af
202512,92702067,BCO DO ESTADO DO RS S.A.,Estados e DF,9090800008,10306349442.94,202512BANCOS.CSV,49620,d9a39a4dae6db567e09546bf32e94f2796ce6746353b8b2651934e2e2b2611af
202512,92702067,BCO DO ESTADO DO RS S.A.,Municipios,9090900001,112859667.49,202512BANCOS.CSV,49621,d9a39a4dae6db567e09546bf32e94f2796ce6746353b8b2651934e2e2b2611af
202512,00360305,CAIXA ECONOMICA FEDERAL,Uniao,9090700005,383703580039.73,202512BANCOS.CSV,1193,d9a39a4dae6db567e09546bf32e94f2796ce6746353b8b2651934e2e2b2611af
202512,00360305,CAIXA ECONOMICA FEDERAL,Estados e DF,9090800008,5279405978.65,202512BANCOS.CSV,1194,d9a39a4dae6db567e09546bf32e94f2796ce6746353b8b2651934e2e2b2611af
202512,00360305,CAIXA ECONOMICA FEDERAL,Municipios,9090900001,1036166075.63,202512BANCOS.CSV,1195,d9a39a4dae6db567e09546bf32e94f2796ce6746353b8b2651934e2e2b2611af
202601,28127603,BCO BANESTES S.A.,Municipios,9090900001,430727858.02,202601BANCOS.CSV,20564,d99a014547ae7a433e11bb01c2c2c5236394328e9ddfc23b7edf28608723828d
202601,00000000,BCO DO BRASIL S.A.,Estados e DF,9090800008,61003305362.58,202601BANCOS.CSV,607,d99a014547ae7a433e11bb01c2c2c5236394328e9ddfc23b7edf28608723828d
202601,00000000,BCO DO BRASIL S.A.,Municipios,9090900001,22266294798.45,202601BANCOS.CSV,608,d99a014547ae7a433e11bb01c2c2c5236394328e9ddfc23b7edf28608723828d
202601,13009717,BCO DO EST. DE SE S.A.,Estados e DF,9090800008,203024667.88,202601BANCOS.CSV,15739,d99a014547ae7a433e11bb01c2c2c5236394328e9ddfc23b7edf28608723828d
202601,13009717,BCO DO EST. DE SE S.A.,Municipios,9090900001,13784134.32,202601BANCOS.CSV,15740,d99a014547ae7a433e11bb01c2c2c5236394328e9ddfc23b7edf28608723828d
202601,92702067,BCO DO ESTADO DO RS S.A.,Estados e DF,9090800008,10306349442.94,202601BANCOS.CSV,48339,d99a014547ae7a433e11bb01c2c2c5236394328e9ddfc23b7edf28608723828d
202601,92702067,BCO DO ESTADO DO RS S.A.,Municipios,9090900001,114394822.31,202601BANCOS.CSV,48340,d99a014547ae7a433e11bb01c2c2c5236394328e9ddfc23b7edf28608723828d
202601,00360305,CAIXA ECONOMICA FEDERAL,Uniao,9090700005,386974460313.42,202601BANCOS.CSV,1216,d99a014547ae7a433e11bb01c2c2c5236394328e9ddfc23b7edf28608723828d
202601,00360305,CAIXA ECONOMICA FEDERAL,Estados e DF,9090800008,4668027483.21,202601BANCOS.CSV,1217,d99a014547ae7a433e11bb01c2c2c5236394328e9ddfc23b7edf28608723828d
202601,00360305,CAIXA ECONOMICA FEDERAL,Municipios,9090900001,1043512666.44,202601BANCOS.CSV,1218,d99a014547ae7a433e11bb01c2c2c5236394328e9ddfc23b7edf28608723828d
202602,28127603,BCO BANESTES S.A.,Municipios,9090900001,431797581.63,202602BANCOS.CSV,20870,42b895b9ac76dbd855a5ad8e93909bcf6594a318620de0e3c35e1d0f6e580958
202602,00000000,BCO DO BRASIL S.A.,Estados e DF,9090800008,61809174413.82,202602BANCOS.CSV,610,42b895b9ac76dbd855a5ad8e93909bcf6594a318620de0e3c35e1d0f6e580958
202602,00000000,BCO DO BRASIL S.A.,Municipios,9090900001,22409646987.97,202602BANCOS.CSV,611,42b895b9ac76dbd855a5ad8e93909bcf6594a318620de0e3c35e1d0f6e580958
202602,13009717,BCO DO EST. DE SE S.A.,Estados e DF,9090800008,203024667.88,202602BANCOS.CSV,15994,42b895b9ac76dbd855a5ad8e93909bcf6594a318620de0e3c35e1d0f6e580958
202602,13009717,BCO DO EST. DE SE S.A.,Municipios,9090900001,13784134.32,202602BANCOS.CSV,15995,42b895b9ac76dbd855a5ad8e93909bcf6594a318620de0e3c35e1d0f6e580958
202602,92702067,BCO DO ESTADO DO RS S.A.,Estados e DF,9090800008,10306349442.94,202602BANCOS.CSV,48721,42b895b9ac76dbd855a5ad8e93909bcf6594a318620de0e3c35e1d0f6e580958
202602,92702067,BCO DO ESTADO DO RS S.A.,Municipios,9090900001,115404687.61,202602BANCOS.CSV,48722,42b895b9ac76dbd855a5ad8e93909bcf6594a318620de0e3c35e1d0f6e580958
202602,00360305,CAIXA ECONOMICA FEDERAL,Uniao,9090700005,394135131866.08,202602BANCOS.CSV,1230,42b895b9ac76dbd855a5ad8e93909bcf6594a318620de0e3c35e1d0f6e580958
202602,00360305,CAIXA ECONOMICA FEDERAL,Estados e DF,9090800008,4698129434.84,202602BANCOS.CSV,1231,42b895b9ac76dbd855a5ad8e93909bcf6594a318620de0e3c35e1d0f6e580958
202602,00360305,CAIXA ECONOMICA FEDERAL,Municipios,9090900001,1020519255.07,202602BANCOS.CSV,1232,42b895b9ac76dbd855a5ad8e93909bcf6594a318620de0e3c35e1d0f6e580958
202603,28127603,BCO BANESTES S.A.,Municipios,9090900001,429823634.82,202603BANCOS.CSV,21087,7182290443ade7d8de26c8e0522ac2ae946a754f88065037725421b32441571d
202603,00000000,BCO DO BRASIL S.A.,Estados e DF,9090800008,62579960331.59,202603BANCOS.CSV,614,7182290443ade7d8de26c8e0522ac2ae946a754f88065037725421b32441571d
202603,00000000,BCO DO BRASIL S.A.,Municipios,9090900001,22408604611.94,202603BANCOS.CSV,615,7182290443ade7d8de26c8e0522ac2ae946a754f88065037725421b32441571d
202603,13009717,BCO DO EST. DE SE S.A.,Estados e DF,9090800008,200115558.9,202603BANCOS.CSV,16136,7182290443ade7d8de26c8e0522ac2ae946a754f88065037725421b32441571d
202603,13009717,BCO DO EST. DE SE S.A.,Municipios,9090900001,13961931.79,202603BANCOS.CSV,16137,7182290443ade7d8de26c8e0522ac2ae946a754f88065037725421b32441571d
202603,92702067,BCO DO ESTADO DO RS S.A.,Estados e DF,9090800008,10306349442.94,202603BANCOS.CSV,49219,7182290443ade7d8de26c8e0522ac2ae946a754f88065037725421b32441571d
202603,92702067,BCO DO ESTADO DO RS S.A.,Municipios,9090900001,115647358.41,202603BANCOS.CSV,49220,7182290443ade7d8de26c8e0522ac2ae946a754f88065037725421b32441571d
202603,00360305,CAIXA ECONOMICA FEDERAL,Uniao,9090700005,396405350391.71,202603BANCOS.CSV,1237,7182290443ade7d8de26c8e0522ac2ae946a754f88065037725421b32441571d
202603,00360305,CAIXA ECONOMICA FEDERAL,Estados e DF,9090800008,4636642413.88,202603BANCOS.CSV,1238,7182290443ade7d8de26c8e0522ac2ae946a754f88065037725421b32441571d
202603,00360305,CAIXA ECONOMICA FEDERAL,Municipios,9090900001,1056316631.02,202603BANCOS.CSV,1239,7182290443ade7d8de26c8e0522ac2ae946a754f88065037725421b32441571d
202604,28127603,BCO BANESTES S.A.,Municipios,9090900001,426196448.08,202604BANCOS.CSV,21172,c3943538fe11afeb0a81d1b125b051e95ca0eced8cd76b1daeee1921948c70b9
202604,00000000,BCO DO BRASIL S.A.,Estados e DF,9090800008,62852309883.22,202604BANCOS.CSV,617,c3943538fe11afeb0a81d1b125b051e95ca0eced8cd76b1daeee1921948c70b9
202604,00000000,BCO DO BRASIL S.A.,Municipios,9090900001,22413895321.71,202604BANCOS.CSV,618,c3943538fe11afeb0a81d1b125b051e95ca0eced8cd76b1daeee1921948c70b9
202604,13009717,BCO DO EST. DE SE S.A.,Estados e DF,9090800008,199288682.24,202604BANCOS.CSV,16201,c3943538fe11afeb0a81d1b125b051e95ca0eced8cd76b1daeee1921948c70b9
202604,13009717,BCO DO EST. DE SE S.A.,Municipios,9090900001,14024908.18,202604BANCOS.CSV,16202,c3943538fe11afeb0a81d1b125b051e95ca0eced8cd76b1daeee1921948c70b9
202604,92702067,BCO DO ESTADO DO RS S.A.,Estados e DF,9090800008,10306349442.94,202604BANCOS.CSV,49515,c3943538fe11afeb0a81d1b125b051e95ca0eced8cd76b1daeee1921948c70b9
202604,92702067,BCO DO ESTADO DO RS S.A.,Municipios,9090900001,113936934.05,202604BANCOS.CSV,49516,c3943538fe11afeb0a81d1b125b051e95ca0eced8cd76b1daeee1921948c70b9
202604,00360305,CAIXA ECONOMICA FEDERAL,Uniao,9090700005,400845386107.65,202604BANCOS.CSV,1240,c3943538fe11afeb0a81d1b125b051e95ca0eced8cd76b1daeee1921948c70b9
202604,00360305,CAIXA ECONOMICA FEDERAL,Estados e DF,9090800008,4597796002.82,202604BANCOS.CSV,1241,c3943538fe11afeb0a81d1b125b051e95ca0eced8cd76b1daeee1921948c70b9
202604,00360305,CAIXA ECONOMICA FEDERAL,Municipios,9090900001,1059811536.53,202604BANCOS.CSV,1242,c3943538fe11afeb0a81d1b125b051e95ca0eced8cd76b1daeee1921948c70b9
202605,28127603,BCO BANESTES S.A.,Municipios,9090900001,428365573.71,202605BANCOS.CSV,21327,955f305194219dc193f871ff537062c6bd562e723d4ad79087336ab4f5104056
202605,00000000,BCO DO BRASIL S.A.,Estados e DF,9090800008,63016979705.95,202605BANCOS.CSV,613,955f305194219dc193f871ff537062c6bd562e723d4ad79087336ab4f5104056
202605,00000000,BCO DO BRASIL S.A.,Municipios,9090900001,22445376770.16,202605BANCOS.CSV,614,955f305194219dc193f871ff537062c6bd562e723d4ad79087336ab4f5104056
202605,13009717,BCO DO EST. DE SE S.A.,Estados e DF,9090800008,198340109.33,202605BANCOS.CSV,16296,955f305194219dc193f871ff537062c6bd562e723d4ad79087336ab4f5104056
202605,13009717,BCO DO EST. DE SE S.A.,Municipios,9090900001,14086282.82,202605BANCOS.CSV,16297,955f305194219dc193f871ff537062c6bd562e723d4ad79087336ab4f5104056
202605,92702067,BCO DO ESTADO DO RS S.A.,Estados e DF,9090800008,10306349442.94,202605BANCOS.CSV,49497,955f305194219dc193f871ff537062c6bd562e723d4ad79087336ab4f5104056
202605,92702067,BCO DO ESTADO DO RS S.A.,Municipios,9090900001,116622047.86,202605BANCOS.CSV,49498,955f305194219dc193f871ff537062c6bd562e723d4ad79087336ab4f5104056
202605,00360305,CAIXA ECONOMICA FEDERAL,Uniao,9090700005,403449882590.66,202605BANCOS.CSV,1235,955f305194219dc193f871ff537062c6bd562e723d4ad79087336ab4f5104056
202605,00360305,CAIXA ECONOMICA FEDERAL,Estados e DF,9090800008,4618767253.95,202605BANCOS.CSV,1236,955f305194219dc193f871ff537062c6bd562e723d4ad79087336ab4f5104056
202605,00360305,CAIXA ECONOMICA FEDERAL,Municipios,9090900001,1058263932.24,202605BANCOS.CSV,1237,955f305194219dc193f871ff537062c6bd562e723d4ad79087336ab4f5104056
