data_base,cnpj_raiz,nome_instituicao,mantidos,rep_uniao,rep_estados_df,rep_municipios,despesa_remuneracao_sem,provisao_restituicao,ativo_total,depositos_totais,captacao_proxy,patrimonio_liquido,estoque_ampliado,mantidos_sobre_ativos,mantidos_sobre_depositos,mantidos_sobre_captacao,mantidos_sobre_pl,ampliado_sobre_pl,tipo_controle,segmento_prudencial,uf_sede,nome_curto
202501,00000000,BCO DO BRASIL S.A.,246690537788.6,,59146300158.6,22324547165.39,-2129230269.32,,2274472825233.78,802029993616.54,1860964187958.54,169681700159.6,328161385112.59,0.10846053426171144,0.3075826836303402,0.1325606045429693,1.453842916216461,1.9339821843129015,publico_federal,S1,DF,Banco do Brasil
202501,00360305,CAIXA ECONOMICA FEDERAL,110358464769.51,352415424080.11,5228625404.57,945529165.53,-859792741.67,,2052279583987.8098,768927969499.69,1830754881683.3398,100263864653.69,468948043419.72003,0.053773601623552235,0.14352250034722466,0.06028030615875663,1.1006803413242308,4.677139117262835,publico_federal,S1,DF,Caixa
202501,00000208,BRB - BCO DE BRASILIA S.A.,18144068141.76,,3324124305.48,1389522065.65,-97216253.62,,63459465885.85,39183178903.2,56800739921.08,3508062982.09,22857714512.89,0.285915865954455,0.4630575836275044,0.319433658205328,5.172104444644349,6.515765147201562,publico_distrital,n/d,DF,BRB
202501,92702067,BCO DO ESTADO DO RS S.A.,8315828991.32,,10378683442.94,116378408.91,-57543285.17,,146496835654.95,87277206200.6,126772249989.61002,10267952278.53,18810890843.170002,0.056764563917998966,0.09528065062264597,0.06559660329450291,0.8098819283284131,1.8320002209693793,publico_estadual,n/d,RS,Banrisul
202501,28127603,BCO BANESTES S.A.,4050916291.96,,,493054124.58,-36420942.86,,38855441215.43,22764341788.74,35086123441.61001,2232433833.43,4543970416.54,0.10425608782821719,0.17795007338906313,0.11545636549735956,1.8145739556974962,2.0354334128498954,publico_estadual,n/d,ES,Banestes
202501,13009717,BCO DO EST. DE SE S.A.,1846439846.3,,228709721.53,13336671.51,-13841829.17,-28893.85,11906394396.630001,10269725414.5,10768995979.460001,781540535.93,2088486239.34,0.15507968111846004,0.179794470813502,0.17145886671531543,2.3625643986627196,2.6722686070976347,publico_estadual,n/d,SE,Banese
202501,60746948,BCO BRADESCO S.A.,260674410.4,,,,-1688818.0,,1633168202842.39,578090901027.88,1336894993947.8198,160827415232.66,260674410.4,0.00015961271468934948,0.00045092287378421873,0.00019498495512368892,0.0016208331771227994,0.0016208331771227994,privado,S1,SP,Bradesco
202501,07237373,BCO DO NORDESTE DO BRASIL S.A.,201059055.23,,,,-1266480.54,,69681556083.56999,15917411520.08,29018315845.729996,13764051659.88,201059055.23,0.0028853984688411273,0.012631391415391985,0.006928694838766308,0.014607548721722315,0.014607548721722315,publico_federal,n/d,CE,Banco do Nordeste
202501,90400888,BCO SANTANDER (BRASIL) S.A.,128096037.07,,,,-817463.94,,1109525154751.31,437034316332.87,892727744571.8599,85842309475.51,128096037.07,0.00011545122390551979,0.0002931029264357237,0.00014348835672339626,0.0014922249628727031,0.0014922249628727031,privado,S1,SP,Santander
202501,04902979,BCO DA AMAZONIA S.A.,79515758.31,,,,-506532.68,,55248531282.57,12992902969.79,14442156412.990002,6330797086.26,79515758.31,0.0014392375048544667,0.006119937822585401,0.0055058092459433225,0.012560149571461777,0.012560149571461777,publico_federal,n/d,PA,Banco da Amazônia
202501,60701190,ITAÚ UNIBANCO S.A.,18455603.22,,,,-118319.74,,1951903762710.99,740595806418.94,1658688274429.4497,164406824864.45,18455603.22,9.45518092263273e-06,2.4919940215756555e-05,1.112662548142043e-05,0.00011225570006121253,0.00011225570006121253,privado,S1,SP,Itaú Unibanco
202501,28195667,BCO ABC BRASIL S.A.,1576300.06,,,,-10415.43,,60345200238.810005,9997864319.07,50250525995.119995,6335579549.29,1576300.06,2.612138254180867e-05,0.0001576636779310311,3.1368827067662534e-05,0.0002488012418969073,0.0002488012418969073,privado,n/d,SP,ABC Brasil
202501,17184037,BCO MERCANTIL DO BRASIL S.A.,809592.0,,,,-1394.65,,26690498830.140003,18364312493.48,21863713469.039997,1699675507.35,809592.0,3.0332591576961297e-05,4.408506990323948e-05,3.702902533672602e-05,0.000476321507546021,0.000476321507546021,privado,n/d,MG,Mercantil do Brasil
202501,04913711,BCO DO EST. DO PA S.A.,409647.5,,,,-315.86,,18725591570.719997,12646736939.12,15748387509.66,2107547906.25,409647.5,2.1876344918284955e-05,3.2391556966195944e-05,2.6012028199631474e-05,0.00019437161963681935,0.00019437161963681935,publico_estadual,n/d,PA,Banpará
202502,00000000,BCO DO BRASIL S.A.,247469928052.21,,59441555381.91,22297391452.15,-4198377871.07,,2289117763008.02,811731870366.8,1867855236763.2202,168849643212.82,329208874886.27,0.1081071197171707,0.30486659091059826,0.13248881561134637,1.4656230439308426,1.9497161416641633,publico_federal,S1,DF,Banco do Brasil
202502,00360305,CAIXA ECONOMICA FEDERAL,111375341182.39,355400202579.91,5244789448.97,952403541.34,-1627874174.88,,2055758825175.6802,771866676385.14,1833106089636.88,100032450526.99,472972736752.61,0.05417724093820788,0.14429349600113686,0.06075771708578653,1.1133921102166695,4.728193043966228,publico_federal,S1,DF,Caixa
202502,00000208,BRB - BCO DE BRASILIA S.A.,17276582376.32,,3585600929.23,1524557755.91,-201623500.84,,65603637848.15,41224566261.23,59614570407.05,3505718826.45,22386741061.46,0.26334793226420433,0.4190846367392326,0.2898046946972023,4.928114099160315,6.385777687747283,publico_distrital,n/d,DF,BRB
202502,92702067,BCO DO ESTADO DO RS S.A.,8556459390.21,,10378683442.94,115816752.45,-112900890.81,,148465442718.91,89205860350.09,128700099409.79001,10267180386.66,19050959585.600002,0.05763266679108597,0.09591813090115404,0.06648370459268754,0.833379668806373,1.855520100762293,publico_estadual,n/d,RS,Banrisul
202502,28127603,BCO BANESTES S.A.,4061059087.85,,,477569416.65,-71295604.55,,39148006952.08,23023586242.73,35459873782.41,2223580625.28,4538628504.5,0.10373603674948333,0.17638690363158924,0.11452548062549796,1.8263601695749705,2.0411351191407694,publico_estadual,n/d,ES,Banestes
202502,13009717,BCO DO EST. DE SE S.A.,1906379618.86,,222921620.2,13406813.68,-27519310.78,-24476.7,12103621244.84,10474972854.01,10960237290.94,775927107.8,2142708052.74,0.15750489711273188,0.181993752674042,0.1739359804222359,2.4569055516892457,2.761481112337032,publico_estadual,n/d,SE,Banese
202502,60746948,BCO BRADESCO S.A.,262210160.28,,,,-3253337.93,,1628104224353.33,575476199851.2,1332379733353.78,159028510578.57,262210160.28,0.00016105244145788502,0.00045564032074271586,0.00019679837040149323,0.0016488248511291428,0.0016488248511291428,privado,S1,SP,Bradesco
202502,07237373,BCO DO NORDESTE DO BRASIL S.A.,204190532.64,,,,-2411158.74,,70804727770.3,16134180804.91,28786384707.190002,13759053620.54,204190532.64,0.002883854497716895,0.012655773175534275,0.0070933024315831894,0.014840448934305856,0.014840448934305856,publico_federal,n/d,CE,Banco do Nordeste
202502,90400888,BCO SANTANDER (BRASIL) S.A.,128907750.58,,,,-1629177.45,,1135296565356.19,446223388209.09,920368431763.0201,86081738257.95,128907750.58,0.00011354544223390322,0.00028888613637525606,0.00014006103005192126,0.0014975040373106643,0.0014975040373106643,privado,S1,SP,Santander
202502,04902979,BCO DA AMAZONIA S.A.,79582616.19,,,,-979967.25,,56169659402.09,13089037141.52,14551157680.570002,6328265062.99,79582616.19,0.001416825685559326,0.006080097055997677,0.005469160456990015,0.012575740016869416,0.012575740016869416,publico_federal,n/d,PA,Banco da Amazônia
202502,60701190,ITAÚ UNIBANCO S.A.,18566577.78,,,,-229294.3,,1948905469594.83,749031162078.18,1675259679377.59,155068763046.91,18566577.78,9.52666923545549e-06,2.4787457077870034e-05,1.108280585305918e-05,0.00011973125609045716,0.00011973125609045716,privado,S1,SP,Itaú Unibanco
202502,28195667,BCO ABC BRASIL S.A.,1585216.03,,,,-19331.4,,60746001460.450005,9448858421.47,50468463784.98,6286991091.29,1585216.03,2.609580864399921e-05,0.00016776799474506056,3.141003135648798e-05,0.0002521422421285373,0.0002521422421285373,privado,n/d,SP,ABC Brasil
202502,17184037,BCO MERCANTIL DO BRASIL S.A.,814448.19,,,,-2227.76,,27554488261.66,19287229353.09,22867552600.75,1680381041.07,814448.19,2.9557732383411504e-05,4.2227329550032934e-05,3.561588790106415e-05,0.00048468065878759953,0.00048468065878759953,privado,n/d,MG,Mercantil do Brasil
202502,04913711,BCO DO EST. DO PA S.A.,517157.21,,,,-606.44,,18574077619.96,13218862919.82,15754572776.5,2107332591.14,517157.21,2.784295514326131e-05,3.912266986478759e-05,3.2825847919621626e-05,0.000245408442964494,0.000245408442964494,publico_estadual,n/d,PA,Banpará
202503,00000000,BCO DO BRASIL S.A.,249144889783.3,,59440246969.33,22134784244.17,-6250004788.38,,2321394441474.59,816267355009.79,1903799072210.34,167844040810.02,330719920996.8,0.10732553043636947,0.3052246157514309,0.13086721882579705,1.484383291661234,1.9704001369410347,publico_federal,S1,DF,Banco do Brasil
202503,00360305,CAIXA ECONOMICA FEDERAL,112250619816.57,357529679850.32,5264865981.9,960134286.29,-2397007660.9,,2089005026324.68,772890925586.95,1865030830860.17,98692032197.81,476005299935.08,0.0537340113604512,0.14523474930349903,0.06018700493267393,1.137382798963794,4.823138092657927,publico_federal,S1,DF,Caixa
202503,00000208,BRB - BCO DE BRASILIA S.A.,17105060027.16,,3584654694.08,1524518444.51,-303626347.57,,68815960463.55,43314428902.11,62293521131.89,3617627648.07,22214233165.749996,0.2485623961641878,0.3949044339431831,0.2745881066980397,4.728253344781221,6.14055268446471,publico_distrital,n/d,DF,BRB
202503,92702067,BCO DO ESTADO DO RS S.A.,8572402343.92,,10378683442.94,118141499.71,-167395652.32,,151181637080.94,89335747340.42,131581482593.64,10167886980.78,19069227286.57,0.056702669116689655,0.09595713473190381,0.06514900254159584,0.8430859194367631,1.8754365899833358,publico_estadual,n/d,RS,Banrisul
202503,28127603,BCO BANESTES S.A.,4088493083.21,,,471988547.73,-106422431.23,,38282085258.98,22924860351.66,34574628618.850006,2217409421.18,4560481630.940001,0.10679912171845299,0.17834320560709327,0.11825125088924204,1.8438151494072297,2.0566709906522944,publico_estadual,n/d,ES,Banestes
202503,13009717,BCO DO EST. DE SE S.A.,2112997072.88,,221052062.42,13457507.37,-43223786.95,-24533.55,12372777848.52,10707965628.85,11199039168.490002,810348190.54,2347506642.67,0.17077790442449037,0.19732945977964714,0.18867663922680086,2.6075174814321986,2.896911068692173,publico_estadual,n/d,SE,Banese
202503,60746948,BCO BRADESCO S.A.,260693373.39,,,,-4935048.52,,1622600237997.56,580900835589.65,1331930501428.43,158390735805.13,260693373.39,0.00016066395609045387,0.00044877431296062815,0.00019572595800638185,0.0016458877601953571,0.0016458877601953571,privado,S1,SP,Bradesco
202503,07237373,BCO DO NORDESTE DO BRASIL S.A.,202612924.67,,,,-3690378.99,,70923904150.56,14516770610.02,27158548665.64,13773918578.12,202612924.67,0.002856764966574393,0.013957162382255266,0.0074603737911200846,0.014709897079822478,0.014709897079822478,publico_federal,n/d,CE,Banco do Nordeste
202503,90400888,BCO SANTANDER (BRASIL) S.A.,129647427.96,,,,-2376144.4,,1165249221309.67,446992403606.34,949682787745.8201,86195216533.71,129647427.96,0.00011126154438814737,0.0002900439177802643,0.00013651656072206266,0.0015041139540417107,0.0015041139540417107,privado,S1,SP,Santander
202503,04902979,BCO DA AMAZONIA S.A.,80341103.82,,,,-1488429.47,,56724338175.38,13087447576.29,14559171604.29,6383818199.07,80341103.82,0.0014163427270248938,0.006138790879709098,0.005518246917037966,0.01258511776411555,0.01258511776411555,publico_federal,n/d,PA,Banco da Amazônia
202503,60701190,ITAÚ UNIBANCO S.A.,18685671.98,,,,-348388.5,,1936563041511.56,750873923204.13,1662317590947.3499,153571125656.55,18685671.98,9.64888391416121e-06,2.4885232264112304e-05,1.1240735273306644e-05,0.00012167438312452738,0.00012167438312452738,privado,S1,SP,Itaú Unibanco
202503,04913711,BCO DO EST. DO PA S.A.,3437324.59,,,,-932.1,,18712176810.390003,13168130592.21,15773286576.17,2107130066.0,3437324.59,0.00018369453350245243,0.00026103360427131943,0.00021792063267227064,0.0016312825892732528,0.0016312825892732528,publico_estadual,n/d,PA,Banpará
202503,28195667,BCO ABC BRASIL S.A.,1595658.11,,,,-29773.48,,58876584687.75,9228740632.19,48757282304.12,6246739338.68,1595658.11,2.7101743731612822e-05,0.00017290095946941213,3.2726559697220175e-05,0.0002554385613818775,0.0002554385613818775,privado,n/d,SP,ABC Brasil
202503,17184037,BCO MERCANTIL DO BRASIL S.A.,819702.31,,,,-3638.56,,27929454972.93,19393119670.33,23195444676.340004,1654382137.76,819702.31,2.9349026352088795e-05,4.22676868876379e-05,3.533893492613742e-05,0.0004954733802372048,0.0004954733802372048,privado,n/d,MG,Mercantil do Brasil
202504,00000000,BCO DO BRASIL S.A.,248907191252.0,,59200953696.76,22109893131.65,-8454294248.37,,2339694832261.0,825102324323.95,1917348295820.6301,167616047357.69,330218038080.41003,0.10638446852979741,0.3016682706062461,0.12981845384824411,1.4849842552415997,1.9700860585008901,publico_federal,S1,DF,Banco do Brasil
202504,00360305,CAIXA ECONOMICA FEDERAL,113932130355.71,359316109316.97,5277237277.04,977803094.58,-3217974918.38,,2081000165869.6,779754229152.94,1865160587040.01,98958023642.27,479503280044.3,0.05474873679700093,0.14611287261561426,0.061084354423615116,1.1513177624441138,4.845521994029394,publico_federal,S1,DF,Caixa
202504,00000208,BRB - BCO DE BRASILIA S.A.,19372214668.16,,4242459993.31,1524363308.11,-429114535.2,,71239292793.76,46610376486.85,64439965463.399994,3612293818.02,25139037969.58,0.2719315971347887,0.4156202143877857,0.3006242248711764,5.362856856084441,6.959300443439403,publico_distrital,n/d,DF,BRB
202504,92702067,BCO DO ESTADO DO RS S.A.,8824702089.35,,10378683442.94,114791666.12,-228231066.8,,154492644749.46,90920580068.48,135065019148.44,10168715433.01,19318177198.41,0.05712053220178202,0.09705945653562009,0.06533669594827822,0.8678286011134679,1.8997657398985452,publico_estadual,n/d,RS,Banrisul
202504,28127603,BCO BANESTES S.A.,4202552574.12,,,474128697.71,-144609396.64,,38248331879.65,23041988042.31,34490357966.799995,2211064393.59,4676681271.83,0.10987544730953261,0.18238671795173306,0.12184717184336928,1.900692076767839,2.1151266717459527,publico_estadual,n/d,ES,Banestes
202504,13009717,BCO DO EST. DE SE S.A.,2168281693.9,,219485338.18,13522677.4,-60141166.59,-24539.16,12474111107.36,10787411997.84,11298192840.75,793489405.98,2401289709.48,0.17382254136093642,0.20100110149998557,0.1919140277088831,2.732590602419022,3.026240415288575,publico_estadual,n/d,SE,Banese
202504,60746948,BCO BRADESCO S.A.,262037281.29,,,,-6616624.37,,1631356127810.19,588630306103.36,1329689808877.96,157474750626.16,262037281.29,0.00016062543108949436,0.0004451644412001916,0.0001970664733537489,0.0016639955310173379,0.0016639955310173379,privado,S1,SP,Bradesco
202504,07237373,BCO DO NORDESTE DO BRASIL S.A.,203835455.63,,,,-4946114.74,,72385277087.56,14915622737.37,27813650193.31,13785931169.84,203835455.63,0.0028159794896334077,0.013665903141898673,0.0073286121819073,0.014785758982747461,0.014785758982747461,publico_federal,n/d,CE,Banco do Nordeste
202504,90400888,BCO SANTANDER (BRASIL) S.A.,130521772.97,,,,-3250489.41,,1155153196387.8599,439865393929.84,933510528252.14,84769411973.06,130521772.97,0.00011299087720844203,0.00029673116996973545,0.00013981821202850562,0.001539727242787531,0.001539727242787531,privado,S1,SP,Santander
202504,04902979,BCO DA AMAZONIA S.A.,81264787.3,,,,-2006002.95,,57378619013.509995,12979331186.44,14557329547.460001,6364583617.26,81264787.3,0.0014162904004515328,0.006261092049558024,0.005582396622612646,0.012768280250041727,0.012768280250041727,publico_federal,n/d,PA,Banco da Amazônia
202504,60701190,ITAÚ UNIBANCO S.A.,18876041.69,,,,-469459.44,,1969930601541.68,749737833652.23,1672524331120.65,152423954639.71,18876041.69,9.582084605024915e-06,2.5176856285947758e-05,1.1285959396089856e-05,0.00012383907591571143,0.00012383907591571143,privado,S1,SP,Itaú Unibanco
202504,28195667,BCO ABC BRASIL S.A.,1606075.8,,,,-40191.17,,58934036152.159996,8640788593.37,48670015244.229996,6204558424.54,1606075.8,2.7252092421658033e-05,0.00018587143784912495,3.299928697249393e-05,0.00025885416658302687,0.00025885416658302687,privado,n/d,SP,ABC Brasil
202504,04913711,BCO DO EST. DO PA S.A.,1516214.5,,,,-1255.95,,19106947708.87,13270847489.25,16204104591.92,2109278949.84,1516214.5,7.935409271550627e-05,0.0001142515202008164,9.356977989120385e-05,0.0007188307170632945,0.0007188307170632945,publico_estadual,n/d,PA,Banpará
202504,17184037,BCO MERCANTIL DO BRASIL S.A.,825060.24,,,,-4926.83,,28864014690.96,19893449637.89,24029964205.12,1636308698.9,825060.24,2.858438955334938e-05,4.1473965301048216e-05,3.43346429048865e-05,0.0005042204081385391,0.0005042204081385391,privado,n/d,MG,Mercantil do Brasil
202505,00000000,BCO DO BRASIL S.A.,249498596636.62,,59704174496.86,22214449864.44,-10709709951.65,,2344700391681.62,828796953861.67,1921771841164.55,167658795875.99,331417220997.92,0.1064095854300939,0.3010370579598709,0.12982737663875307,1.4881330581734786,1.9767362592956654,publico_federal,S1,DF,Banco do Brasil
202505,00360305,CAIXA ECONOMICA FEDERAL,111896915127.27,362774118723.68,5299355794.61,989708629.54,-4062925795.21,,2096897473183.76,783163590459.93,1892504525953.47,99527178161.38,480960098275.1,0.053363083583373654,0.14287808637982785,0.059126365930826395,1.1242850163583749,4.832449861034331,publico_federal,S1,DF,Caixa
202505,00000208,BRB - BCO DE BRASILIA S.A.,19434929679.21,,4223983725.91,1525229659.13,-552233694.18,,73904403791.14,47035820362.73,65641174730.450005,3608602904.74,25184143064.25,0.26297390523756514,0.4131942321688461,0.29607833435367226,5.385721342096599,6.978917805328464,publico_distrital,n/d,DF,BRB
202505,92702067,BCO DO ESTADO DO RS S.A.,9003935688.93,,10378683442.94,114444812.34,-291876167.89,,155832845236.3,92036335697.43,136296747494.96,10170461914.18,19497063944.210003,0.05777944742827943,0.09783022781926579,0.06606126598334966,0.8853025324618158,1.917028362008469,publico_estadual,n/d,RS,Banrisul
202505,28127603,BCO BANESTES S.A.,4264217941.23,,,476418001.79,-185768926.19,,38396571006.130005,23150465507.72,34612884931.87,2204476269.1,4740635943.02,0.11105725926800127,0.18419577523432556,0.12319741476688348,1.9343451326744883,2.1504590498292884,publico_estadual,n/d,ES,Banestes
202505,13009717,BCO DO EST. DE SE S.A.,2186291070.85,,217417644.63,13509307.08,-77249755.86,-24894.37,13400802597.869999,11693064168.99,12209429466.86,793489405.98,2417218022.56,0.16314627835779788,0.1869733236090539,0.17906578491519526,2.7552870326602767,3.0463141717369395,publico_estadual,n/d,SE,Banese
202505,60746948,BCO BRADESCO S.A.,263644500.08,,,,-8385559.52,,1665590873862.73,596867632818.11,1368666307896.81,156422280442.89,263644500.08,0.0001582888716654486,0.00044171351499695626,0.00019262876462936747,0.001685466413950262,0.001685466413950262,privado,S1,SP,Bradesco
202505,07237373,BCO DO NORDESTE DO BRASIL S.A.,204369419.52,,,,-6264348.83,,72894266204.23,15369175716.98,27112024293.39,13834125357.9,204369419.52,0.002803641907134537,0.013297357209223062,0.007537962392938175,0.014772847161117745,0.014772847161117745,publico_federal,n/d,CE,Banco do Nordeste
202505,90400888,BCO SANTANDER (BRASIL) S.A.,131262686.73,,,,-4100216.87,,1147434873162.95,441430338380.07,934699026121.93,84830129785.92,131262686.73,0.00011439663356942358,0.00029735764698842084,0.00014043310526877235,0.0015473592585707305,0.0015473592585707305,privado,S1,SP,Santander
202505,04902979,BCO DA AMAZONIA S.A.,83578038.9,,,,-2538432.53,,57983102466.950005,13090652627.04,14884553818.25,6372408182.43,83578038.9,0.0014414206095239375,0.006384558606907156,0.005615085270310535,0.01311561289034204,0.01311561289034204,publico_federal,n/d,PA,Banco da Amazônia
202505,60701190,ITAÚ UNIBANCO S.A.,19084096.99,,,,-593495.6,,1958916651187.8801,762174299073.39,1693354464200.3599,151976270379.43,19084096.99,9.742168957738692e-06,2.5039019307265285e-05,1.1269995381039101e-05,0.00012557287359634425,0.00012557287359634425,privado,S1,SP,Itaú Unibanco
202505,28195667,BCO ABC BRASIL S.A.,1616987.52,,,,-51102.89,,59933496866.18,8517293432.25,49620603038.96,6153255586.37,1616987.52,2.6979695905453723e-05,0.0001898475769165608,3.2587018717414817e-05,0.00026278569081085614,0.00026278569081085614,privado,n/d,SP,ABC Brasil
202505,17184037,BCO MERCANTIL DO BRASIL S.A.,830739.07,,,,-6358.55,,30053153781.5,20576477634.31,25054284510.83,1608301335.72,830739.07,2.7642325861699844e-05,4.037324000560689e-05,3.3157565111903454e-05,0.0005165319779008309,0.0005165319779008309,privado,n/d,MG,Mercantil do Brasil
202505,04913711,BCO DO EST. DO PA S.A.,615285.01,,,,-1587.46,,19632557109.230003,13457359179.41,16694731275.68,2109292493.48,615285.01,3.1340034137006605e-05,4.5721081067777184e-05,3.685504126061104e-05,0.00029170208110155307,0.00029170208110155307,publico_estadual,n/d,PA,Banpará
202506,00000000,BCO DO BRASIL S.A.,250813853245.81,,60392497968.18,22367588734.19,-12958888454.28,,2340882371329.85,836415386808.84,1916068751461.5298,164850087640.16,333573939948.18,0.10714500494244109,0.2998675744150707,0.13090023677620932,1.5214663021186523,2.023498711607092,publico_federal,S1,DF,Banco do Brasil
202506,00360305,CAIXA ECONOMICA FEDERAL,112396834271.15,366398848668.05,5313685593.39,1043286424.82,-4970975298.19,,2101653664760.44,794603136385.54,1891849327178.23,100442233140.46,485152654957.41,0.05348018855616808,0.14145027765988485,0.05941109191755478,1.1190196668962198,4.830165954981953,publico_federal,S1,DF,Caixa
202506,00000208,BRB - BCO DE BRASILIA S.A.,19428865497.06,,4498816647.28,1674684479.47,-672788309.78,,74508463071.29,48631444189.25,67500560774.100006,3471589018.61,25602366623.81,0.2607605189556841,0.39951241055997183,0.28783265315500706,5.596533861844967,7.374826480486163,publico_distrital,n/d,DF,BRB
202506,92702067,BCO DO ESTADO DO RS S.A.,9852809238.98,,10378683442.94,114116701.72,-355431722.19,,155796328145.02,93541429192.96,135884863468.74,10026803016.19,20345609383.64,0.06324160111019242,0.10533096750804753,0.07250851189357536,0.982647133195989,2.029122278635424,publico_estadual,n/d,RS,Banrisul
202506,28127603,BCO BANESTES S.A.,4271844616.67,,,478632940.14,-226388773.19,,39084555894.2,23918987953.49,35265762171.78,2158841930.53,4750477556.81,0.10929750943655793,0.17859637811501547,0.12113291627901838,1.9787667435295984,2.200474935023959,publico_estadual,n/d,ES,Banestes
202506,13009717,BCO DO EST. DE SE S.A.,2194143602.68,,215548030.41,13558538.98,-95444239.42,-24794.27,13515374674.95,11772053045.7,12295723103.1,793489405.98,2423250172.0699997,0.16234426758044107,0.18638580663561133,0.1784477077339853,2.765183235143663,3.053916225985603,publico_estadual,n/d,SE,Banese
202506,60746948,BCO BRADESCO S.A.,265356793.83,,,,-10131117.44,,1693382246879.67,592004302992.62,1388225619260.23,155443045792.9,265356793.83,0.0001567022415163279,0.0004482345693918174,0.00019114817515859253,0.001707099809299545,0.001707099809299545,privado,S1,SP,Bradesco
202506,07237373,BCO DO NORDESTE DO BRASIL S.A.,204790628.85,,,,-7560732.51,,74357908776.81,15887560989.17,27475922121.17,13720420687.13,204790628.85,0.002754120337954798,0.012889997966937699,0.0074534579020447255,0.014925973009129179,0.014925973009129179,publico_federal,n/d,CE,Banco do Nordeste
202506,90400888,BCO SANTANDER (BRASIL) S.A.,132087926.62,,,,-4991975.28,,1154658399575.8699,446674543187.64,935037688671.86,84490442596.31,132087926.62,0.00011439567465885898,0.0002957140240797475,0.0001412648155472957,0.0015633475522327156,0.0015633475522327156,privado,S1,SP,Santander
202506,04902979,BCO DA AMAZONIA S.A.,83504378.17,,,,-3100827.78,,59112007661.66,13480494303.32,15217628839.439999,6452884001.95,83504378.17,0.0014126466258421616,0.006194459660832645,0.00548734491102708,0.012940629049703323,0.012940629049703323,publico_federal,n/d,PA,Banco da Amazônia
202506,60701190,ITAÚ UNIBANCO S.A.,19212498.2,,,,-721896.81,,1985894733958.8,760805213528.15,1716971279369.99,144950949903.74,19212498.2,9.674479654669645e-06,2.525284771762297e-05,1.1189760965046346e-05,0.00013254482438893132,0.00013254482438893132,privado,S1,SP,Itaú Unibanco
202506,28195667,BCO ABC BRASIL S.A.,1627868.1,,,,-61983.47,,60142729981.53,8620318317.35,48852693016.8,6111734365.94,1627868.1,2.7066747726615052e-05,0.00018884083395431136,3.332197263803228e-05,0.00026635125195753335,0.00026635125195753335,privado,n/d,SP,ABC Brasil
202506,17184037,BCO MERCANTIL DO BRASIL S.A.,836180.36,,,,-7669.82,,30758386071.65,20799738452.13,25565173154.74,1584781259.9,836180.36,2.718544328210729e-05,4.02014843563752e-05,3.2707791765727394e-05,0.0005276314032466304,0.0005276314032466304,privado,n/d,MG,Mercantil do Brasil
202506,04913711,BCO DO EST. DO PA S.A.,625895.18,,,,-1927.62,,19514534586.82,13844064391.34,16573412045.46,2110044975.22,625895.18,3.2073282466225244e-05,4.521036325080384e-05,3.776501653873098e-05,0.00029662646405664514,0.00029662646405664514,publico_estadual,n/d,PA,Banpará
202507,00000000,BCO DO BRASIL S.A.,276612003926.3,,60567501608.04,21980870084.03,-2371262463.45,,2399813282548.58,858445158446.75,1976203743186.41,174982491176.87,359160375618.37,0.11526396905035068,0.32222443239914716,0.13997139964945807,1.5807981819546975,2.052550362054998,publico_federal,S1,DF,Banco do Brasil
202507,00360305,CAIXA ECONOMICA FEDERAL,142938809960.27,368923024023.63,5302372559.11,1085211863.61,-884745274.95,,2157226831283.09,823802807892.67,1947910078269.68,109104133712.46,518249418406.62,0.06626044507116198,0.17351095261002425,0.07338059983099524,1.310113605200148,4.750043841349289,publico_federal,S1,DF,Caixa
202507,00000208,BRB - BCO DE BRASILIA S.A.,19647324093.13,,4662879690.7,1699055858.32,-132598082.79,,77769881428.87,49937115294.47,69252253399.06,4136223938.44,26009259642.15,0.25263410117321405,0.3934413106819114,0.2837066395502545,4.750062952476432,6.288165251507039,publico_distrital,n/d,DF,BRB
202507,92702067,BCO DO ESTADO DO RS S.A.,9643508010.8,,10378683442.94,112915327.25,-75744493.31,,156871712064.1,93933762914.03,136972044992.41002,10650255110.24,20135106780.989998,0.061473849452599365,0.10266285211661248,0.07040493562999933,0.9054720202455964,1.8905750681624998,publico_estadual,n/d,RS,Banrisul
202507,28127603,BCO BANESTES S.A.,4372013190.45,,,479267286.98,-45638083.85,,39312179910.39,23830735493.71,35499581902.259995,2345493898.29,4851280477.43,0.11121268778316971,0.18346111019544362,0.12315675160590177,1.8640053566702728,2.068340694029033,publico_estadual,n/d,ES,Banestes
202507,13009717,BCO DO EST. DE SE S.A.,2238337861.44,,213452772.11,13621421.63,-18561477.2,-24870.66,13369875634.91,11644641933.6,12177386190.95,838361189.2,2465412055.1800003,0.16741650577477998,0.1922204112589666,0.1838110269594217,2.6698968061438024,2.9407516556588233,publico_estadual,n/d,SE,Banese
202507,60746948,BCO BRADESCO S.A.,267112863.78,,,,-1854202.82,,1711711422991.36,591576961958.0,1409958870742.62,165901948543.78,267112863.78,0.00015605017305615553,0.00045152681892126175,0.00018944727347919917,0.0016100646564106591,0.0016100646564106591,privado,S1,SP,Bradesco
202507,07237373,BCO DO NORDESTE DO BRASIL S.A.,202872024.45,,,,-1322958.05,,72647450771.74,15477054147.91,27105013677.55,14839567028.78,202872024.45,0.0027925553105425356,0.013107922380525853,0.007484667850141348,0.01367102045878751,0.01367102045878751,publico_federal,n/d,CE,Banco do Nordeste
202507,90400888,BCO SANTANDER (BRASIL) S.A.,132614868.97,,,,-892184.92,,1159655710846.57,440944470883.74,935902327611.8201,89687080802.39,132614868.97,0.00011435710420741058,0.0003007518581743718,0.00014169733855497372,0.0014786395965121662,0.0014786395965121662,privado,S1,SP,Santander
202507,04902979,BCO DA AMAZONIA S.A.,84523823.17,,,,-575014.88,,58791997035.71,12470198713.48,14432172182.34,7014395368.01,84523823.17,0.001437675660492713,0.006778065459264228,0.0058566251914197644,0.012050051178392529,0.012050051178392529,publico_federal,n/d,PA,Banco da Amazônia
202507,60701190,ITAÚ UNIBANCO S.A.,19345301.77,,,,-132803.57,,2031467310927.18,761193164256.28,1757439647156.5303,159740378603.81,19345301.77,9.522822083300288e-06,2.541444495090971e-05,1.1007662084612666e-05,0.00012110464454313364,0.00012110464454313364,privado,S1,SP,Itaú Unibanco
202507,04913711,BCO DO EST. DO PA S.A.,1706811.98,,,,-349.07,,19814781355.120003,13651964981.88,16818496621.07,2236338544.73,1706811.98,8.61383201464886e-05,0.00012502317302054465,0.00010148421814716349,0.0007632171721147294,0.0007632171721147294,publico_estadual,n/d,PA,Banpará
202507,28195667,BCO ABC BRASIL S.A.,1639237.67,,,,-11369.57,,58385648962.13,7528471948.82,47822258142.14,6532598047.8,1639237.67,2.8076037504751204e-05,0.00021773843100483776,3.4277713635516035e-05,0.00025093196581290505,0.00025093196581290505,privado,n/d,SP,ABC Brasil
202507,17184037,BCO MERCANTIL DO BRASIL S.A.,841968.29,,,,-1464.93,,31065315921.46,20835188886.83,25752450816.160004,2040258804.61,841968.29,2.7103161999983596e-05,4.04108786617342e-05,3.269468587710704e-05,0.0004126771996266151,0.0004126771996266151,privado,n/d,MG,Mercantil do Brasil
202508,00000000,BCO DO BRASIL S.A.,270700069471.95,,60907261025.87,22072899383.57,-4815796172.74,,2377810092636.4297,853185627305.81,1953501588105.6501,175547798196.59,353680229881.39,0.11384427642487108,0.3172815631303668,0.13857171712588845,1.5420305594992552,2.0147232464021885,publico_federal,S1,DF,Banco do Brasil
202508,00360305,CAIXA ECONOMICA FEDERAL,130903584143.47,372189407606.63,5330411700.28,1091730292.06,-1890724128.7,,2138588952377.99,813105231612.35,1928498143070.5,109137208212.15,509515133742.44,0.06121025922158282,0.16099218041420577,0.06787851189477892,1.1994404684514992,4.668574009626506,publico_federal,S1,DF,Caixa
202508,00000208,BRB - BCO DE BRASILIA S.A.,19783815858.14,,4657152239.07,1699139222.92,-261242166.76,,78711721475.93001,50374385390.93,70220557743.45999,4206858757.79,26140107320.129997,0.25134523152552163,0.3927356275338718,0.28173823298893647,4.7027525755423945,6.21368789045398,publico_distrital,n/d,DF,BRB
202508,92702067,BCO DO ESTADO DO RS S.A.,9680585920.12,,10378683442.94,112597206.69,-145555755.57,,160512535227.02,94841597194.35,140326135136.62,10651666289.5,20171866569.75,0.06031046675842681,0.10207109756157398,0.06898633608554164,0.9088330085653122,1.8937756799266838,publico_estadual,n/d,RS,Banrisul
202508,28127603,BCO BANESTES S.A.,4422654987.61,,,480506866.26,-88514048.67,,39818561287.23,23831346848.83,35999658272.51,2337801755.13,4903161853.87,0.11107018547725293,0.18558141156118205,0.12285269360423957,1.8918006960620428,2.0973385973000718,publico_estadual,n/d,ES,Banestes
202508,13009717,BCO DO EST. DE SE S.A.,2257531438.7,,211297866.14,13685093.06,-35789175.48,-25017.73,13331926053.49,11565259798.73,12104068136.83,838361189.2,2482514397.8999996,0.16933273029286183,0.19519937104637314,0.18651013966377397,2.6927909685969986,2.9611513866343464,publico_estadual,n/d,SE,Banese
202508,60746948,BCO BRADESCO S.A.,269024882.16,,,,-3649075.71,,1728136499927.79,599792274511.77,1420496896656.58,164635240442.24,269024882.16,0.00015567339858352694,0.0004485300888194765,0.00018938787039465078,0.0016340662025782,0.0016340662025782,privado,S1,SP,Bradesco
202508,07237373,BCO DO NORDESTE DO BRASIL S.A.,204046852.73,,,,-2662138.84,,71230233827.64,14297388504.93,25998957984.67,14824759419.19,204046852.73,0.0028646101769614317,0.014271616992126982,0.007848270413387875,0.01376392337712208,0.01376392337712208,publico_federal,n/d,CE,Banco do Nordeste
202508,90400888,BCO SANTANDER (BRASIL) S.A.,133364550.99,,,,-1789128.15,,1152153153737.1099,438504437850.46,923742912171.1199,89548909527.86,133364550.99,0.00011575245058126202,0.00030413500863013006,0.0001443740993655329,0.0014892928534044102,0.0014892928534044102,privado,S1,SP,Santander
202508,04902979,BCO DA AMAZONIA S.A.,84198406.02,,,,-1099796.49,,59454098352.490005,12504330886.64,14437180273.869999,7004562526.71,84198406.02,0.0014161917908637105,0.0067335395058971195,0.0058320533804230145,0.012020508875312655,0.012020508875312655,publico_federal,n/d,PA,Banco da Amazônia
202508,60701190,ITAÚ UNIBANCO S.A.,19468099.8,,,,-255601.6,,2036390063413.51,767336799411.37,1770471182322.09,159204635142.56,19468099.8,9.560103513452865e-06,2.5370997213914583e-05,1.0995999253976165e-05,0.0001222834987346145,0.0001222834987346145,privado,S1,SP,Itaú Unibanco
202508,28195667,BCO ABC BRASIL S.A.,1650511.99,,,,-22643.89,,58477795753.869995,7510709859.62,47264577568.97,6490672974.8,1650511.99,2.8224593090801835e-05,0.00021975446007756007,3.492069695516731e-05,0.0002542898088392534,0.0002542898088392534,privado,n/d,SP,ABC Brasil
202508,17184037,BCO MERCANTIL DO BRASIL S.A.,847660.59,,,,-2931.27,,31720468307.65,20969150446.16,26342550743.63,2021081794.0,847660.59,2.6722827096331686e-05,4.0424174177987684e-05,3.2178379316778057e-05,0.0004194093443008868,0.0004194093443008868,privado,n/d,MG,Mercantil do Brasil
202508,04913711,BCO DO EST. DO PA S.A.,507165.12,,,,-669.6,,19592948780.99,13736955578.54,16630382577.880001,2237762362.13,507165.12,2.5885083744621196e-05,3.691976123095994e-05,3.04962990252899e-05,0.00022663940040409743,0.00022663940040409743,publico_estadual,n/d,PA,Banpará
202509,00000000,BCO DO BRASIL S.A.,261601185654.46,,60498441025.98,21960543438.9,-7189423255.95,,2430657500379.84,847426127627.53,1995887407256.49,175114517731.02,344060170119.34,0.10762568795216088,0.3087008732983529,0.13107011182261635,1.4938863381749168,1.9647723933878773,publico_federal,S1,DF,Banco do Brasil
202509,00360305,CAIXA ECONOMICA FEDERAL,126578641660.64,374704710353.24,5362880739.68,1093161947.28,-2888149647.13,,2193824596571.3298,814794664165.41,1982288373919.04,109168466913.86,507739394700.84,0.05769770375373966,0.15535035663285038,0.06385480706340947,1.1594798868112492,4.650971192088597,publico_federal,S1,DF,Caixa
202509,00000208,BRB - BCO DE BRASILIA S.A.,22258612791.02,,5865791362.37,1786199948.11,-403314625.86,,81142730163.78,53663109425.56,72834465596.8,4107645123.81,29910604101.5,0.27431431929998906,0.41478425363883437,0.30560549334212367,5.4188256580389,7.281691382764039,publico_distrital,n/d,DF,BRB
202509,92702067,BCO DO ESTADO DO RS S.A.,9700953620.24,,10378683442.94,113751626.77,-218099938.3,,158324740241.51,96495393529.12,138317698976.13,10545639344.01,20193388689.95,0.06127250615059956,0.10053281576920545,0.07013530222125897,0.9199018953507273,1.9148567508540857,publico_estadual,n/d,RS,Banrisul
202509,28127603,BCO BANESTES S.A.,4443856347.54,,,483059573.4,-134440416.19,,39330329958.25,23762007735.75,35402356058.25,2331686683.57,4926915920.94,0.11298802609226137,0.18701518815071366,0.12552431087434432,1.9058548384108356,2.1130265724194532,publico_estadual,n/d,ES,Banestes
202509,13009717,BCO DO EST. DE SE S.A.,2236501231.08,,209226445.13,13596433.51,-55290944.02,-25050.84,13173268709.130001,11365922196.68,11928240527.6,821587038.34,2459324109.7200003,0.16977572388923848,0.19677252689036395,0.18749632235408914,2.722171999693186,2.9933823136852484,publico_estadual,n/d,SE,Banese
202509,60746948,BCO BRADESCO S.A.,270934378.75,,,,-5467118.73,,1747390464331.78,610760214780.93,1435605113710.4202,163385304116.54,270934378.75,0.00015505085112937713,0.0004436018787621585,0.00018872486323885505,0.001658254273326486,0.001658254273326486,privado,S1,SP,Bradesco
202509,07237373,BCO DO NORDESTE DO BRASIL S.A.,202907391.68,,,,-3962379.22,,71183557018.03,14664612434.74,26493901728.370003,14863495512.13,202907391.68,0.0028504812091450535,0.013836532849604594,0.007658645138806574,0.013651391189536044,0.013651391189536044,publico_federal,n/d,CE,Banco do Nordeste
202509,90400888,BCO SANTANDER (BRASIL) S.A.,134234239.72,,,,-2673941.36,,1187813718050.51,449058151754.83,955008647956.8301,89625329298.4,134234239.72,0.00011300950450404874,0.00029892395716554586,0.00014055814050185217,0.0014977265999556709,0.0014977265999556709,privado,S1,SP,Santander
202509,04902979,BCO DA AMAZONIA S.A.,85160936.0,,,,-1691195.82,,60398228979.46,12963804654.34,14740265418.17,7058281271.95,85160936.0,0.0014099906146082728,0.006569131383161499,0.00577743572344525,0.01206539279448019,0.01206539279448019,publico_federal,n/d,PA,Banco da Amazônia
202509,60701190,ITAÚ UNIBANCO S.A.,19595257.95,,,,-392122.72,,2058293253947.9001,771186381861.78,1784576718671.76,156701674157.28,19595257.95,9.520148750628902e-06,2.540923752140642e-05,1.0980339340403658e-05,0.00012504817230179956,0.00012504817230179956,privado,S1,SP,Itaú Unibanco
202509,28195667,BCO ABC BRASIL S.A.,1661697.8,,,,-33829.7,,59387623527.77,8168134098.15,47677107977.93,6443564436.94,1661697.8,2.7980540410460786e-05,0.00020343664538714638,3.48531584753255e-05,0.0002578848735451038,0.0002578848735451038,privado,n/d,SP,ABC Brasil
202509,04913711,BCO DO EST. DO PA S.A.,1191585.33,,,,-1029.71,,19575513265.77,13783309483.35,16623616950.59,2197456174.44,1191585.33,6.0871217720948435e-05,8.645132226330799e-05,7.168026871298359e-05,0.0005422566983861072,0.0005422566983861072,publico_estadual,n/d,PA,Banpará
202509,17184037,BCO MERCANTIL DO BRASIL S.A.,853228.31,,,,-4269.07,,32495169300.48,21456814750.18,27079123816.67,1994241689.01,853228.31,2.6257081540652156e-05,3.976491011988825e-05,3.1508711868836384e-05,0.00042784599013350665,0.00042784599013350665,privado,n/d,MG,Mercantil do Brasil
202510,00000000,BCO DO BRASIL S.A.,261371030227.15,,60490025498.74,21929083856.02,-9561987365.45,,2393766730637.93,824480185590.35,1957061250211.0,174746411270.35,343790139581.91003,0.10918817898245899,0.31701311298342644,0.13355281046976447,1.4957161542092166,1.967365950938086,publico_federal,S1,DF,Banco do Brasil
202510,00360305,CAIXA ECONOMICA FEDERAL,125454985688.12,378159489973.96,5394131474.91,1093163723.75,-3849283397.44,,2202613800026.05,816392624207.93,1990890784428.81,109398482157.82,510101770860.74,0.05695732301624382,0.1536699156362875,0.06301449917259687,1.146770807177531,4.6627865469363545,publico_federal,S1,DF,Caixa
202510,92702067,BCO DO ESTADO DO RS S.A.,9854398620.84,,10378683442.94,114625314.13,-293222381.16,,159668280724.6,98051066512.2,139467732347.04,10549136138.76,20347707377.91,0.06171794783609603,0.10050271732244613,0.07065719399752717,0.9341427100018767,1.9288505817218293,publico_estadual,n/d,RS,Banrisul
202510,28127603,BCO BANESTES S.A.,4506533787.03,,,485006448.6,-182062432.09,,39370601096.06,23853218145.66,35424663509.950005,2320688641.73,4991540235.63,0.1144644394947018,0.1889277060860631,0.12721458273736924,1.9418950504581782,2.150887519279176,publico_estadual,n/d,ES,Banestes
202510,13009717,BCO DO EST. DE SE S.A.,2219093202.43,,207092446.34,13658976.54,-73950187.99,-24965.47,13081064405.49,11206244156.23,11817343541.33,821587038.34,2439844625.31,0.16964163875675647,0.19802292110477684,0.18778274446104906,2.700983704555068,2.969672732714548,publico_estadual,n/d,SE,Banese
202510,60746948,BCO BRADESCO S.A.,272578595.88,,,,-7355001.98,,1779121644528.9102,624009529622.85,1462683285411.48,162069138646.55,272578595.88,0.0001532096451741924,0.0004368180018736988,0.00018635517244139328,0.001681866135380997,0.001681866135380997,privado,S1,SP,Bradesco
202510,07237373,BCO DO NORDESTE DO BRASIL S.A.,204083689.84,,,,-5303877.15,,71183744576.29,14380418554.59,26305716405.100002,14877008610.55,204083689.84,0.0028669985128595855,0.014191776759853749,0.0077581498521908125,0.013718059536194292,0.013718059536194292,publico_federal,n/d,CE,Banco do Nordeste
202510,90400888,BCO SANTANDER (BRASIL) S.A.,134756062.32,,,,-3587634.33,,1188301626805.81,449329844184.35,951761020454.7,87620874838.59,134756062.32,0.00011340223667136455,0.00029990454465497865,0.00014158602781990466,0.0015379447257087954,0.0015379447257087954,privado,S1,SP,Santander
202510,04902979,BCO DA AMAZONIA S.A.,85079162.15,,,,-2275839.78,,60658821775.36,12733004117.08,14588696845.820002,7057775844.49,85079162.15,0.0014025851419448392,0.006681782348273583,0.005831854829060839,0.012054670483254473,0.012054670483254473,publico_federal,n/d,PA,Banco da Amazônia
202510,60701190,ITAÚ UNIBANCO S.A.,19730986.69,,,,-527304.93,,2068056373571.5,774804758392.79,1788782246282.62,157195245189.63,19730986.69,9.540835995647887e-06,2.5465753115570447e-05,1.1030401677456378e-05,0.00012551897906452474,0.00012551897906452474,privado,S1,SP,Itaú Unibanco
202510,04913711,BCO DO EST. DO PA S.A.,4743222.36,,,,-1385.59,,19865974612.190002,13948390475.59,16900882368.919998,2198983921.39,4743222.36,0.00023876112058904484,0.0003400551747028266,0.0002806493919348604,0.002157006385477235,0.002157006385477235,publico_estadual,n/d,PA,Banpará
202510,28195667,BCO ABC BRASIL S.A.,1673246.17,,,,-45378.07,,58203600814.83,7825773033.08,47102565141.9,6399951237.17,1673246.17,2.874815555352487e-05,0.00021381225380893244,3.552346172568778e-05,0.00026144670607520035,0.00026144670607520035,privado,n/d,SP,ABC Brasil
202510,17184037,BCO MERCANTIL DO BRASIL S.A.,859124.53,,,,-5754.79,,33371953678.850002,21963382897.81,27897353570.56,1968487574.01,859124.53,2.5743908740484786e-05,3.911622057482158e-05,3.0795915025668665e-05,0.0004364388890958961,0.0004364388890958961,privado,n/d,MG,Mercantil do Brasil
202511,00000000,BCO DO BRASIL S.A.,267126062138.66,,60826750184.84,22014558271.27,-11929552655.56,,2379657405392.77,843014841460.88,1940415299058.92,174446417081.46,349967370594.77,0.1122539998964977,0.31686993988830736,0.13766437641891052,1.5312785817430807,2.0061596933306363,publico_federal,S1,DF,Banco do Brasil
202511,00360305,CAIXA ECONOMICA FEDERAL,120137153041.31,380964688742.96,5406744629.7,1057584862.28,-4752397299.41,,2211962402147.83,816346079770.36,1996824527681.8599,109476667428.18,507566171276.25006,0.054312475168952254,0.1471644882218395,0.060164101239671176,1.0973767823186946,4.6362954152694575,publico_federal,S1,DF,Caixa
202511,00000208,BRB - BCO DE BRASILIA S.A.,22375737172.64,,5823679136.79,1786285111.23,-704362574.04,,78870706828.3,50188609403.23,70841082543.74,3774556979.63,29985701420.66,0.28370149162415326,0.44583297761583246,0.3158582050016579,5.92804328915797,7.944164462871439,publico_distrital,n/d,DF,BRB
202511,92702067,BCO DO ESTADO DO RS S.A.,10374245265.03,,10378683442.94,113653778.76,-362873659.84,,162689013090.73,101219235938.72,142210106500.15,10550354014.68,20866582486.73,0.06376733786715141,0.10249282331384878,0.07295012654405866,0.9833077876434329,1.977808750085141,publico_estadual,n/d,RS,Banrisul
202511,28127603,BCO BANESTES S.A.,4530090468.72,,,485305858.09,-223037604.33,,40131085036.409996,24276516299.36,36130847397.119995,2316273342.07,5015396326.81,0.11288233210265695,0.1866038113895043,0.12538013346127874,1.9557667855692553,2.165286901039001,publico_estadual,n/d,ES,Banestes
202511,13009717,BCO DO EST. DE SE S.A.,2200463864.6,,203949903.75,13721887.85,-90325182.4,-25111.77,13189785698.05,11276608679.36,11880477186.66,803941386.93,2418135656.2,0.16683090347141274,0.195135250957816,0.18521679138198185,2.737094893202204,3.007850690998882,publico_estadual,n/d,SE,Banese
202511,60746948,BCO BRADESCO S.A.,274157725.16,,,,-9129384.68,,1809115861659.99,643265007677.8,1486416179829.7002,161087827722.94,274157725.16,0.00015154238098849082,0.0004261971689548528,0.00018444210234001252,0.0017019145955058286,0.0017019145955058286,privado,S1,SP,Bradesco
202511,07237373,BCO DO NORDESTE DO BRASIL S.A.,204225141.27,,,,-6612298.95,,72365491430.83,14394864941.97,26186192173.68,14854330374.03,204225141.27,0.0028221343796885155,0.014187360707675449,0.007798962900580433,0.013748525590022504,0.013748525590022504,publico_federal,n/d,CE,Banco do Nordeste
202511,90400888,BCO SANTANDER (BRASIL) S.A.,135472821.62,,,,-4482535.25,,1191356135027.3901,456317016086.73,959239685297.7799,87920413003.07,135472821.62,0.00011371311871985734,0.0002968831247666016,0.00014122937540677827,0.0015408574299493971,0.0015408574299493971,privado,S1,SP,Santander
202511,04902979,BCO DA AMAZONIA S.A.,87198598.4,,,,-2799587.03,,61635566151.78001,12971062536.91,14961191403.12,7062366679.07,87198598.4,0.00141474482744703,0.0067225486078623655,0.005828319152565326,0.012346937275066926,0.012346937275066926,publico_federal,n/d,PA,Banco da Amazônia
202511,60701190,ITAÚ UNIBANCO S.A.,19864019.46,,,,-648876.8,,2073574047582.7,789119367543.75,1786207558432.8599,142210882990.84,19864019.46,9.579604588105632e-06,2.5172388712026775e-05,1.1120778974548635e-05,0.00013968002337260975,0.00013968002337260975,privado,S1,SP,Itaú Unibanco
202511,28195667,BCO ABC BRASIL S.A.,1684356.05,,,,-56487.95,,60128805479.43,8327470220.1,48766601259.91,6355722558.91,1684356.05,2.8012464850581746e-05,0.00020226503433593468,3.4539131423634266e-05,0.00026501409310869376,0.00026501409310869376,privado,n/d,SP,ABC Brasil
202511,17184037,BCO MERCANTIL DO BRASIL S.A.,864762.85,,,,-7107.26,,34123061359.04,21912955781.43,28171849266.77,1938949986.55,864762.85,2.5342475603259553e-05,3.946354196236904e-05,3.069599165504651e-05,0.00044599543876770346,0.00044599543876770346,privado,n/d,MG,Mercantil do Brasil
202511,04913711,BCO DO EST. DO PA S.A.,745424.6,,,,-1702.22,,19939157366.539997,14028374394.12,16931837179.130001,2200494909.78,745424.6,3.7384959970821076e-05,5.3136919436114064e-05,4.402502765138814e-05,0.0003387531580677574,0.0003387531580677574,publico_estadual,n/d,PA,Banpará
202512,00000000,BCO DO BRASIL S.A.,263438108385.59,,60808518747.66,22099443580.67,-14321677996.21,,2341172134822.23,855365767358.96,1898134872675.47,177082384202.75,346346070713.92,0.11252402352960407,0.3079829921169109,0.13878787655076755,1.4876584679589995,1.9558471175618009,publico_federal,S1,DF,Banco do Brasil
202512,00360305,CAIXA ECONOMICA FEDERAL,118538998993.3,383703580039.73,5279405978.65,1036166075.63,-5655004020.9,,2203098508118.31,827307717053.22,1989318270957.71,106501046137.16,508558151087.31,0.05380558270839438,0.14328283968572542,0.059587749594353354,1.113031310890943,4.775147001207395,publico_federal,S1,DF,Caixa
202512,92702067,BCO DO ESTADO DO RS S.A.,10853799240.98,,10306349442.94,112859667.49,-446014911.05,,163686059707.97,101804379620.79,144183935006.58002,10218577134.66,21273008351.41,0.06630863532511022,0.10661426631554749,0.07527745196082124,1.0621634595452056,2.0817975018512995,publico_estadual,n/d,RS,Banrisul
202512,28127603,BCO BANESTES S.A.,4830487326.98,,,428087647.06,-271160085.09,,39900360711.25,24445166902.12,35863048060.27,2192028083.19,5258574974.04,0.12106375082514059,0.19760500496157696,0.13469260389864454,2.2036612413971994,2.398954198792625,publico_estadual,n/d,ES,Banestes
202512,13009717,BCO DO EST. DE SE S.A.,2130135973.21,,203024667.88,13784134.32,-108440729.8,-23210.14,12754701226.77,10881129701.51,11489760382.91,803941386.93,2346944775.4100003,0.16700790832631957,0.19576422960149037,0.1853942904134353,2.649616014103119,2.919298363742967,publico_estadual,n/d,SE,Banese
202512,60746948,BCO BRADESCO S.A.,274568385.78,,,,-11021293.13,,1849280122374.6602,656339494493.05,1531310901519.26,159558868055.7,274568385.78,0.00014847311797599747,0.0004183328720635253,0.0001793028349158831,0.001720796776297959,0.001720796776297959,privado,S1,SP,Bradesco
202512,07237373,BCO DO NORDESTE DO BRASIL S.A.,205288376.55,,,,-7958888.07,,73287660934.27,14565381821.73,26885720008.82,14771240447.54,205288376.55,0.002801131512903903,0.01409426673894203,0.007635591551301364,0.01389784272208423,0.01389784272208423,publico_federal,n/d,CE,Banco do Nordeste
202512,90400888,BCO SANTANDER (BRASIL) S.A.,136383584.51,,,,-5397596.61,,1184827204959.07,456083206329.03,949610213403.4,87084202312.85,136383584.51,0.00011510841744616369,0.00029903224371653227,0.00014362059567704275,0.0015661116584617949,0.0015661116584617949,privado,S1,SP,Santander
202512,04902979,BCO DA AMAZONIA S.A.,88488923.99,,,,-3429857.78,,63323902338.899994,13203644346.14,15278155607.63,7051463473.39,88488923.99,0.0013974016243727462,0.006701856068689791,0.005791859060907072,0.012549015438274521,0.012549015438274521,publico_federal,n/d,PA,Banco da Amazônia
202512,60701190,ITAÚ UNIBANCO S.A.,19848600.58,,,,-791985.14,,2076765089602.54,821378813065.38,1835781683328.6,142803029644.02,19848600.58,9.557460629212862e-06,2.416497755271427e-05,1.0812070280607081e-05,0.00013899285350933154,0.00013899285350933154,privado,S1,SP,Itaú Unibanco
202512,28195667,BCO ABC BRASIL S.A.,1696162.75,,,,-68294.65,,62208378821.36,9428878275.12,51269945967.65,6226610959.61,1696162.75,2.7265824670833602e-05,0.00017989019483639616,3.3082982983251714e-05,0.000272405448325334,0.000272405448325334,privado,n/d,SP,ABC Brasil
202512,04913711,BCO DO EST. DO PA S.A.,1443643.15,,,,-2086.2,,19508379385.88,13264879458.27,16600224911.38,2173230786.85,1443643.15,7.400118284786365e-05,0.00010883198407807313,8.696527653732782e-05,0.0006642843266970719,0.0006642843266970719,publico_estadual,n/d,PA,Banpará
202512,17184037,BCO MERCANTIL DO BRASIL S.A.,870726.77,,,,-8612.37,,37608632238.42,21335018518.98,29145631937.16,2019973042.27,870726.77,2.3152311535288653e-05,4.081209347090027e-05,2.987503485521766e-05,0.00043105860908990005,0.00043105860908990005,privado,n/d,MG,Mercantil do Brasil
202601,00000000,BCO DO BRASIL S.A.,265669802767.06,,61003305362.58,22266294798.45,-2408587362.45,,2384593206531.7397,848649065584.77,1927222608685.02,184442015575.7,348939402928.09,0.11141095346550206,0.31305025073467513,0.1378511239800842,1.440397416704774,1.891865049505902,publico_federal,S1,DF,Banco do Brasil
202601,00360305,CAIXA ECONOMICA FEDERAL,118824772586.51,386974460313.42,4668027483.21,1043512666.44,-910974555.97,,2228351408638.8,808910977984.34,2012465891954.44,111825967328.15,511510773049.58,0.05332407273191024,0.14689474592445248,0.05904436595002926,1.0625865836494148,4.574168104878241,publico_federal,S1,DF,Caixa
202601,92702067,BCO DO ESTADO DO RS S.A.,10917748039.62,,10306349442.94,114394822.31,-80238911.1,,164229879060.79,101292540921.34,144221198727.52,11179552226.28,21338492304.870003,0.06647845143683492,0.10778432390296454,0.07570140961209955,0.9765818718530987,1.9087072427381462,publico_estadual,n/d,RS,Banrisul
202601,28127603,BCO BANESTES S.A.,4874107261.0,,,430727858.02,-47731524.3,,40347684811.28,24771838038.68,36393042699.54,2404095798.1,5304835119.02,0.12080265035770643,0.19676001649087654,0.1339296442245981,2.027418069135221,2.2065822515111533,publico_estadual,n/d,ES,Banestes
202601,13009717,BCO DO EST. DE SE S.A.,2121437415.47,,203024667.88,13784134.32,-15868779.11,-23471.23,12998485420.47,11128773210.08,11726881561.02,890538658.55,2338246217.67,0.16320650805432785,0.19062634986114071,0.18090379820340557,2.3821957588277907,2.625653805391445,publico_estadual,n/d,SE,Banese
202601,60746948,BCO BRADESCO S.A.,277031362.28,,,,-1880804.93,,1856099908168.52,640204212585.49,1511799504082.6501,170957292672.75,277031362.28,0.00014925455308780047,0.00043272342923392817,0.00018324609945423996,0.0016204711594860078,0.0016204711594860078,privado,S1,SP,Bradesco
202601,07237373,BCO DO NORDESTE DO BRASIL S.A.,206484609.6,,,,-1356617.12,,72582362637.66,14081134322.64,26574110419.920002,16099062015.12,206484609.6,0.002844831748324263,0.014663918748932667,0.0077701419290114315,0.012825878265831432,0.012825878265831432,publico_federal,n/d,CE,Banco do Nordeste
202601,90400888,BCO SANTANDER (BRASIL) S.A.,137298699.66,,,,-915115.15,,1191704503783.43,454436781421.27,942087674996.15,93130194711.84,137298699.66,0.00011521203387593429,0.00030212937260622386,0.00014573877071532762,0.0014742662149995988,0.0014742662149995988,privado,S1,SP,Santander
202601,04902979,BCO DA AMAZONIA S.A.,87856925.97,,,,-649682.01,,62710133723.450005,12277881772.8,14351945319.61,7156299222.4,87856925.97,0.0014010004564405279,0.007155707115915975,0.006121604006528323,0.01227686591066486,0.01227686591066486,publico_federal,n/d,PA,Banco da Amazônia
202601,60701190,ITAÚ UNIBANCO S.A.,18391940.92,,,,-123302.83,,2123426293495.6802,799750118961.4,1818955218102.49,156136361572.35,18391940.92,8.661445408459344e-06,2.2997109326954272e-05,1.0111266477019831e-05,0.00011779409187447728,0.00011779409187447728,privado,S1,SP,Itaú Unibanco
202601,28195667,BCO ABC BRASIL S.A.,1707737.71,,,,-11574.96,,62618048274.72,8724095459.82,50382425450.33,6715660885.22,1707737.71,2.7272292207316265e-05,0.00019574954422097015,3.3895504131367985e-05,0.00025429183206055465,0.00025429183206055465,privado,n/d,SP,ABC Brasil
202601,17184037,BCO MERCANTIL DO BRASIL S.A.,876549.46,,,,-1480.91,,37727243684.46999,21530549610.29,29626438043.7,2603424021.02,876549.46,2.3233858994072815e-05,4.071189430208853e-05,2.958673124008562e-05,0.00033669100881099465,0.00033669100881099465,privado,n/d,MG,Mercantil do Brasil
202601,04913711,BCO DO EST. DO PA S.A.,504933.86,,,,-341.5,,19702015036.66,13790729994.28,16726242219.270002,2245677866.89,504933.86,2.562853896215477e-05,3.661400522013208e-05,3.0188123152866624e-05,0.00022484696823381624,0.00022484696823381624,publico_estadual,n/d,PA,Banpará
202602,00000000,BCO DO BRASIL S.A.,266248052745.35,,61809174413.82,22409646987.97,-4689473176.94,,2409236451118.3804,855556187849.48,1947357223441.22,184334320590.35,350466874147.14,0.11051138323171071,0.31119879269950607,0.1367227592043215,1.444375913788939,1.9012567655590835,publico_federal,S1,DF,Banco do Brasil
202602,00360305,CAIXA ECONOMICA FEDERAL,118751750842.19,394135131866.08,4698129434.84,1020519255.07,-1754952167.47,,2218404009401.5,820857259162.78,1998629060798.4897,111947807536.02,518605531398.18005,0.05353026335100605,0.14466796695360765,0.05941660369670921,1.0607778165193702,4.63256532497356,publico_federal,S1,DF,Caixa
202602,92702067,BCO DO ESTADO DO RS S.A.,10925184002.62,,10306349442.94,115404687.61,-151570246.95,,164522689650.41,102017343649.32,144838027223.94998,11181073952.36,21346938133.170002,0.06640533306278083,0.10709143770861967,0.07543035632297983,0.9771140097248003,1.9092028390228366,publico_estadual,n/d,RS,Banrisul
202602,28127603,BCO BANESTES S.A.,4892732499.61,,,431797581.63,-89753394.03,,40916271934.57,25186022198.7,37017068316.52,2398428559.63,5324530081.24,0.11957913730346847,0.19426380478067484,0.13217504038337008,2.0399742489577384,2.220007787958213,publico_estadual,n/d,ES,Banestes
202602,13009717,BCO DO EST. DE SE S.A.,2125557350.82,,203024667.88,13784134.32,-31063059.17,-20572.88,13242811215.53,11366088816.58,11971568718.59,890538658.55,2342366153.02,0.16050650547123513,0.18700868743163399,0.17755044479002466,2.3868220996502187,2.630280146213873,publico_estadual,n/d,SE,Banese
202602,60746948,BCO BRADESCO S.A.,278676225.81,,,,-3590140.35,,1837146185103.4702,643616958903.62,1500390387484.5198,169734801652.45,278676225.81,0.00015168973926498104,0.0004329845911529672,0.00018573581124924077,0.001641833160300379,0.001641833160300379,privado,S1,SP,Bradesco
202602,07237373,BCO DO NORDESTE DO BRASIL S.A.,207170032.76,,,,-2574686.34,,73733500978.79999,13932248013.04,26118368247.210003,16075665682.35,207170032.76,0.0028097137666034055,0.01486982090514736,0.007931966913060511,0.012887182207792412,0.012887182207792412,publico_federal,n/d,CE,Banco do Nordeste
202602,90400888,BCO SANTANDER (BRASIL) S.A.,138150646.13,,,,-1767061.62,,1167838936050.27,455239415764.31,932190008623.88,93303579122.02,138150646.13,0.00011829597546836138,0.00030346811226364547,0.00014820009316978317,0.0014806575206437703,0.0014806575206437703,privado,S1,SP,Santander
202602,04902979,BCO DA AMAZONIA S.A.,88595420.01,,,,-1186424.42,,63732386637.17,12425421738.54,14562970058.51,7159234417.25,88595420.01,0.0013901161510610901,0.007130174079741944,0.006083609294947941,0.01237498520743105,0.01237498520743105,publico_federal,n/d,PA,Banco da Amazônia
202602,60701190,ITAÚ UNIBANCO S.A.,17364133.9,,,,-229465.81,,2137806126680.0,808816290677.48,1861137530526.6802,155238179762.14,17364133.9,8.122408146975608e-06,2.1468575868390915e-05,9.329849952080732e-06,0.00011185478937337308,0.00011185478937337308,privado,S1,SP,Itaú Unibanco
202602,28195667,BCO ABC BRASIL S.A.,1717921.16,,,,-21758.41,,62024926519.85,7744426583.81,49080635583.67,6666935214.18,1717921.16,2.7697270378066618e-05,0.00022182677328123624,3.5002015348219794e-05,0.00025767779419036933,0.00025767779419036933,privado,n/d,SP,ABC Brasil
202602,04913711,BCO DO EST. DO PA S.A.,915430.82,,,,-666.95,,20058197659.06,14208627706.19,17073050485.06,2245694059.13,915430.82,4.563873761541645e-05,6.44278137853659e-05,5.361846852154862e-05,0.00040763826055390873,0.00040763826055390873,publico_estadual,n/d,PA,Banpará
202602,17184037,BCO MERCANTIL DO BRASIL S.A.,881872.59,,,,-2532.4,,38685371893.88,21326715950.88,30212246222.690002,2741028672.25,881872.59,2.2796022031767303e-05,4.135060419199757e-05,2.9189242782540807e-05,0.00032173052362714116,0.00032173052362714116,privado,n/d,MG,Mercantil do Brasil
202603,00000000,BCO DO BRASIL S.A.,296897282637.26,,62579960331.59,22408604611.94,-7131596145.28,,2494074551827.91,916599565301.02,2035334387585.97,183487412835.17,381885847580.79,0.11904106171151285,0.32391165551093853,0.14587150123739528,1.6180798347403158,2.0812645493227637,publico_federal,S1,DF,Banco do Brasil
202603,00360305,CAIXA ECONOMICA FEDERAL,154593389848.04,396405350391.71,4636642413.88,1056316631.02,-2709816073.22,,2341423338307.41,860670286012.81,2122039529407.1602,111794624424.9,556691699284.65,0.0660253903336395,0.1796197595762462,0.07285132425936909,1.3828338405653022,4.979592732194538,publico_federal,S1,DF,Caixa
202603,92702067,BCO DO ESTADO DO RS S.A.,11039264440.73,,10306349442.94,115647358.41,-234544395.07,,164204676808.38,102483455992.89,144703743624.86,11101831121.21,21461261242.079998,0.06722868468364247,0.10771752702695615,0.07628872732794635,0.9943642918184491,1.93312805858471,publico_estadual,n/d,RS,Banrisul
202603,28127603,BCO BANESTES S.A.,4995595502.2,,,429823634.82,-140641919.92,,40167251895.24,25040625070.74,36279537813.15,2349233835.2,5425419137.0199995,0.1243698601843359,0.19949963262048753,0.1376973303223637,2.1264786107487272,2.3094419362294394,publico_estadual,n/d,ES,Banestes
202603,13009717,BCO DO EST. DE SE S.A.,2102765208.07,,200115558.9,13961931.79,-48652624.22,-20595.27,13093012613.76,11167878176.03,11786568722.170002,940538817.31,2316842698.7599998,0.16060209136743023,0.18828690418411234,0.17840350806378397,2.2357027369524634,2.463314279134502,publico_estadual,n/d,SE,Banese
202603,60746948,BCO BRADESCO S.A.,280281301.0,,,,-5555164.49,,1926307365486.7,686143089360.66,1582169850683.86,168519049281.71,280281301.0,0.00014550185812594048,0.0004084881205480956,0.0001771499443494352,0.0016632024818242312,0.0016632024818242312,privado,S1,SP,Bradesco
202603,07237373,BCO DO NORDESTE DO BRASIL S.A.,207528539.09,,,,-3973445.85,,75643743351.56,14000521056.37,27307923633.670002,16112582101.77,207528539.09,0.0027434990640996634,0.014822915393965143,0.007599572266055497,0.012879905764278624,0.012879905764278624,publico_federal,n/d,CE,Banco do Nordeste
202603,90400888,BCO SANTANDER (BRASIL) S.A.,139068931.96,,,,-2685347.45,,1213439691355.34,458554925176.33,969593183769.0499,93372643571.52,139068931.96,0.00011460720541015786,0.0003032764982439634,0.0001434301873074277,0.0014893969651130026,0.0014893969651130026,privado,S1,SP,Santander
202603,04902979,BCO DA AMAZONIA S.A.,89587122.05,,,,-1814446.86,,64644431231.56,12684954777.45,14847607001.07,7135293660.2,89587122.05,0.0013858443850962795,0.007062470747570871,0.006033775142589904,0.01255549194137707,0.01255549194137707,publico_federal,n/d,PA,Banco da Amazônia
202603,60701190,ITAÚ UNIBANCO S.A.,17479515.49,,,,-353043.31,,2164397264382.12,827786132620.63,1884193389211.6602,151786531106.88,17479515.49,8.075927546965345e-06,2.111598008372383e-05,9.276922204526662e-06,0.00011515854115996532,0.00011515854115996532,privado,S1,SP,Itaú Unibanco
202603,28195667,BCO ABC BRASIL S.A.,1729821.37,,,,-33658.62,,65121927142.47,8212419937.04,52148494035.55,6917382042.59,1729821.37,2.6562809884535457e-05,0.00021063479257777448,3.3171070459307386e-05,0.0002500687918275397,0.0002500687918275397,privado,n/d,SP,ABC Brasil
202603,04913711,BCO DO EST. DO PA S.A.,1102924.88,,,,-1064.71,,19510050976.81,13611033100.78,16510372121.74,2179902333.94,1102924.88,5.653111215911001e-05,8.103168009611226e-05,6.680193952429004e-05,0.0005059515111424973,0.0005059515111424973,publico_estadual,n/d,PA,Banpará
202603,17184037,BCO MERCANTIL DO BRASIL S.A.,888258.79,,,,-4065.53,,40512154191.159996,21252712043.96,31142995467.38,2711682797.2,888258.79,2.1925735812731076e-05,4.179507952503607e-05,2.8521944555088987e-05,0.0003275673655182637,0.0003275673655182637,privado,n/d,MG,Mercantil do Brasil
